"id","dataset_id","resource_id","dataset_rank","deeplink","deeplink_file_size","magnet_link","defective_link_flag","created_at","updated_at"
"1","12984","104266",1,"https://pasteur.epa.gov/uploads/10.23719/1531143/SupplyChainGHGEmissionFactors_v1.3.0_NAICS_CO2e_USD2022.csv","123481",NULL,False,"2025-08-11 14:01:45.654704","2025-10-30 09:57:36.197229"
"2","12984","104267",1,"https://pasteur.epa.gov/uploads/10.23719/1531143/SupplyChainGHGEmissionFactors_v1.3.0_NAICS_byGHG_USD2022.csv","2553711",NULL,False,"2025-08-11 14:01:45.654704","2025-10-30 09:57:36.197229"
"15","12985","104268",5,"https://pasteur.epa.gov/uploads/10.23719/1528686/SupplyChainGHGEmissionFactors_v1.2_NAICS_CO2e_USD2021.csv","123247",NULL,False,"2025-08-11 14:01:45.654704","2025-10-30 09:57:36.197229"
"16","12985","104269",5,"https://pasteur.epa.gov/uploads/10.23719/1528686/SupplyChainGHGEmissionFactors_v1.2_NAICS_byGHG_USD2021.csv","2259691",NULL,False,"2025-08-11 14:01:45.654704","2025-10-30 09:57:36.197229"
"45","152716","1446018",16,"http://www.fsis.usda.gov/shared/data/ES/foodkeeper.json","-1",NULL,False,"2025-08-11 14:01:45.654704","2025-10-30 09:57:36.197229"
"46","152716","1446019",16,"http://www.fsis.usda.gov/shared/data/ES/FoodKeeper-Data.xls","-1",NULL,False,"2025-08-11 14:01:45.654704","2025-10-30 09:57:36.197229"
"47","152716","1446020",16,"http://www.fsis.usda.gov/shared/data/PT/FoodKeeper-Data.xls","-1",NULL,False,"2025-08-11 14:01:45.654704","2025-10-30 09:57:36.197229"
"48","152716","1446021",16,"http://www.fsis.usda.gov/shared/data/PT/foodkeeper.json","-1",NULL,False,"2025-08-11 14:01:45.654704","2025-10-30 09:57:36.197229"
"49","152716","1446016",16,"http://www.fsis.usda.gov/shared/data/EN/foodkeeper.json","-1",NULL,False,"2025-08-11 14:01:45.654704","2025-10-30 09:57:36.197229"
"50","152716","1446017",16,"http://www.fsis.usda.gov/shared/data/EN/FoodKeeper-Data.xls","-1",NULL,False,"2025-08-11 14:01:45.654704","2025-10-30 09:57:36.197229"
"59","12991","104308",20,"https://pasteur.epa.gov/uploads/10.23719/1532178/USEEIOv2.5-kingbird-21.xlsx","650125",NULL,False,"2025-08-11 14:01:45.654704","2025-10-30 09:57:36.197229"
"60","12991","104298",20,"https://pasteur.epa.gov/uploads/10.23719/1532178/USEEIOv2.5-yellowthroat-22.xlsx","695473",NULL,False,"2025-08-11 14:01:45.654704","2025-10-30 09:57:36.197229"
"61","12991","104299",20,"https://pasteur.epa.gov/uploads/10.23719/1532178/USEEIOv2.5-yellowthroat-21.xlsx","695354",NULL,False,"2025-08-11 14:01:45.654704","2025-10-30 09:57:36.197229"
"62","12991","104300",20,"https://pasteur.epa.gov/uploads/10.23719/1532178/USEEIOv2.5-yellowthroat-20.xlsx","691486",NULL,False,"2025-08-11 14:01:45.654704","2025-10-30 09:57:36.197229"
"63","12991","104301",20,"https://pasteur.epa.gov/uploads/10.23719/1532178/USEEIOv2.5-yellowthroat-19.xlsx","692604",NULL,False,"2025-08-11 14:01:45.654704","2025-10-30 09:57:36.197229"
"64","12991","104305",20,"https://pasteur.epa.gov/uploads/10.23719/1532178/USEEIOv2.5-oriole-22.xlsx","650110",NULL,False,"2025-08-11 14:01:45.654704","2025-10-30 09:57:36.197229"
"65","12991","104306",20,"https://pasteur.epa.gov/uploads/10.23719/1532178/USEEIOv2.5-kinglet-22.xlsx","10182518",NULL,False,"2025-08-11 14:01:45.654704","2025-10-30 09:57:36.197229"
"66","12991","104307",20,"https://pasteur.epa.gov/uploads/10.23719/1532178/USEEIOv2.5-kingbird-22.xlsx","650159",NULL,False,"2025-08-11 14:01:45.654704","2025-10-30 09:57:36.197229"
"67","12991","104309",20,"https://pasteur.epa.gov/uploads/10.23719/1532178/USEEIOv2.5-kingbird-20.xlsx","645830",NULL,False,"2025-08-11 14:01:45.654704","2025-10-30 09:57:36.197229"
"68","12991","104311",20,"https://pasteur.epa.gov/uploads/10.23719/1532178/USEEIOv2.5-kingbird-18.xlsx","642366",NULL,False,"2025-08-11 14:01:45.654704","2025-10-30 09:57:36.197229"
"69","12991","104302",20,"https://pasteur.epa.gov/uploads/10.23719/1532178/USEEIOv2.5-yellowthroat-18.xlsx","688325",NULL,False,"2025-08-11 14:01:45.654704","2025-10-30 09:57:36.197229"
"70","12991","104303",20,"https://pasteur.epa.gov/uploads/10.23719/1532178/USEEIOv2.5-yellowthroat-17.xlsx","690290",NULL,False,"2025-08-11 14:01:45.654704","2025-10-30 09:57:36.197229"
"71","12991","104312",20,"https://pasteur.epa.gov/uploads/10.23719/1532178/USEEIOv2.5-kingbird-17.xlsx","644316",NULL,False,"2025-08-11 14:01:45.654704","2025-10-30 09:57:36.197229"
"72","12991","104313",20,"https://pasteur.epa.gov/uploads/10.23719/1532178/USEEIOv2.5-catbird-22.xlsx","10182726",NULL,False,"2025-08-11 14:01:45.654704","2025-10-30 09:57:36.197229"
"73","12991","104310",20,"https://pasteur.epa.gov/uploads/10.23719/1532178/USEEIOv2.5-kingbird-19.xlsx","647410",NULL,False,"2025-08-11 14:01:45.654704","2025-10-30 09:57:36.197229"
"74","12991","104304",20,"https://pasteur.epa.gov/uploads/10.23719/1532178/USEEIOv2.5-waxwing-22.xlsx","10437808",NULL,False,"2025-08-11 14:01:45.654704","2025-10-30 09:57:36.197229"
"79","12990","104297",22,"https://pasteur.epa.gov/uploads/10.23719/1517796/SupplyChainEmissionFactorsforUSIndustriesCommodities.xlsx","1429897",NULL,False,"2025-08-11 14:01:45.654704","2025-10-30 09:57:36.197229"
"104","12994","104321",30,"https://pasteur.epa.gov/uploads/10.23719/1524311/USEEIOv2.0.1-411.xlsx","50299246",NULL,False,"2025-08-11 14:01:45.654704","2025-10-30 09:57:36.197229"
"113","12998","104354",54,"https://pasteur.epa.gov/uploads/10.23719/1531676/USEEIOv2.3-GHG-17.xlsx","10025419",NULL,False,"2025-08-11 14:01:45.654704","2025-10-30 09:57:36.197229"
"114","12998","104331",54,"https://dmap-data-commons-ord.s3.amazonaws.com/useeior/US_detail_import_factors_exio_2018_17sch.csv","172696",NULL,False,"2025-08-11 14:01:45.654704","2025-10-30 09:57:36.197229"
"115","12998","104332",54,"https://dmap-data-commons-ord.s3.amazonaws.com/useeior/US_detail_import_factors_exio_2019_17sch.csv","172770",NULL,False,"2025-08-11 14:01:45.654704","2025-10-30 09:57:36.197229"
"116","12998","104351",54,"https://pasteur.epa.gov/uploads/10.23719/1531676/USEEIOv2.3-GHG-20.xlsx","10037406",NULL,False,"2025-08-11 14:01:45.654704","2025-10-30 09:57:36.197229"
"117","12998","104352",54,"https://pasteur.epa.gov/uploads/10.23719/1531676/USEEIOv2.3-GHG-19.xlsx","10048912",NULL,False,"2025-08-11 14:01:45.654704","2025-10-30 09:57:36.197229"
"118","12998","104353",54,"https://pasteur.epa.gov/uploads/10.23719/1531676/USEEIOv2.3-GHG-18.xlsx","10025422",NULL,False,"2025-08-11 14:01:45.654704","2025-10-30 09:57:36.197229"
"119","12998","104330",54,"https://dmap-data-commons-ord.s3.amazonaws.com/useeior/US_detail_import_factors_exio_2017_17sch.csv","172748",NULL,False,"2025-08-11 14:01:45.654704","2025-10-30 09:57:36.197229"
"120","12998","104333",54,"https://dmap-data-commons-ord.s3.amazonaws.com/useeior/US_detail_import_factors_exio_2020_17sch.csv","172760",NULL,False,"2025-08-11 14:01:45.654704","2025-10-30 09:57:36.197229"
"121","12998","104334",54,"https://dmap-data-commons-ord.s3.amazonaws.com/useeior/US_detail_import_factors_exio_2021_17sch.csv","172773",NULL,False,"2025-08-11 14:01:45.654704","2025-10-30 09:57:36.197229"
"122","12998","104335",54,"https://dmap-data-commons-ord.s3.amazonaws.com/useeior/US_detail_import_factors_exio_2022_17sch.csv","173347",NULL,False,"2025-08-11 14:01:45.654704","2025-10-30 09:57:36.197229"
"123","12998","104336",54,"https://dmap-data-commons-ord.s3.amazonaws.com/useeior/US_summary_import_factors_exio_2017_17sch.csv","25302",NULL,False,"2025-08-11 14:01:45.654704","2025-10-30 09:57:36.197229"
"124","12998","104337",54,"https://dmap-data-commons-ord.s3.amazonaws.com/useeior/US_summary_import_factors_exio_2018_17sch.csv","25319",NULL,False,"2025-08-11 14:01:45.654704","2025-10-30 09:57:36.197229"
"125","12998","104338",54,"https://dmap-data-commons-ord.s3.amazonaws.com/useeior/US_summary_import_factors_exio_2019_17sch.csv","25316",NULL,False,"2025-08-11 14:01:45.654704","2025-10-30 09:57:36.197229"
"126","12998","104339",54,"https://dmap-data-commons-ord.s3.amazonaws.com/useeior/US_summary_import_factors_exio_2020_17sch.csv","25293",NULL,False,"2025-08-11 14:01:45.654704","2025-10-30 09:57:36.197229"
"127","12998","104340",54,"https://dmap-data-commons-ord.s3.amazonaws.com/useeior/US_summary_import_factors_exio_2021_17sch.csv","25304",NULL,False,"2025-08-11 14:01:45.654704","2025-10-30 09:57:36.197229"
"128","12998","104341",54,"https://dmap-data-commons-ord.s3.amazonaws.com/useeior/US_summary_import_factors_exio_2022_17sch.csv","25318",NULL,False,"2025-08-11 14:01:45.654704","2025-10-30 09:57:36.197229"
"129","12998","104342",54,"https://pasteur.epa.gov/uploads/10.23719/1531676/ImportShares_2017-2022.xlsx","26349482",NULL,False,"2025-08-11 14:01:45.654704","2025-10-30 09:57:36.197229"
"130","12998","104343",54,"https://pasteur.epa.gov/uploads/10.23719/1531676/USEEIOv2.3-s-GHG-22.xlsx","614809",NULL,False,"2025-08-11 14:01:45.654704","2025-10-30 09:57:36.197229"
"131","12998","104344",54,"https://pasteur.epa.gov/uploads/10.23719/1531676/USEEIOv2.3-s-GHG-21.xlsx","614535",NULL,False,"2025-08-11 14:01:45.654704","2025-10-30 09:57:36.197229"
"132","12998","104345",54,"https://pasteur.epa.gov/uploads/10.23719/1531676/USEEIOv2.3-s-GHG-20.xlsx","613927",NULL,False,"2025-08-11 14:01:45.654704","2025-10-30 09:57:36.197229"
"133","12998","104346",54,"https://pasteur.epa.gov/uploads/10.23719/1531676/USEEIOv2.3-s-GHG-19.xlsx","612229",NULL,False,"2025-08-11 14:01:45.654704","2025-10-30 09:57:36.197229"
"134","12998","104347",54,"https://pasteur.epa.gov/uploads/10.23719/1531676/USEEIOv2.3-s-GHG-18.xlsx","609138",NULL,False,"2025-08-11 14:01:45.654704","2025-10-30 09:57:36.197229"
"135","12998","104348",54,"https://pasteur.epa.gov/uploads/10.23719/1531676/USEEIOv2.3-s-GHG-17.xlsx","609462",NULL,False,"2025-08-11 14:01:45.654704","2025-10-30 09:57:36.197229"
"136","12998","104349",54,"https://pasteur.epa.gov/uploads/10.23719/1531676/USEEIOv2.3-GHG-22.xlsx","10048784",NULL,False,"2025-08-11 14:01:45.654704","2025-10-30 09:57:36.197229"
"137","12998","104350",54,"https://pasteur.epa.gov/uploads/10.23719/1531676/USEEIOv2.3-GHG-21.xlsx","10048832",NULL,False,"2025-08-11 14:01:45.654704","2025-10-30 09:57:36.197229"
"142","13002","104357",70,"https://edg.epa.gov/data/PUBLIC/OLEM/Materials_Municipal_Waste_Stream_1960_2018.xlsx","90136",NULL,False,"2025-08-11 14:01:45.654704","2025-10-30 09:57:36.197229"
"151","19569","119185",74,"http://www.fda.gov/downloads/Drugs/InformationOnDrugs/UCM111343.zip","419",NULL,False,"2025-08-11 14:01:45.654704","2025-10-30 09:57:36.197229"
"156","3820","23213",77,"https://data.openei.org/files/6179/FPV_Oakville_CA_Inverter8_data.csv","47762988",NULL,False,"2025-08-11 14:01:45.654704","2025-10-30 09:57:36.197229"
"157","3820","23212",77,"https://data.openei.org/files/6179/FPV_Oakville_CA_Inverter12_data.csv","47520025",NULL,False,"2025-08-11 14:01:45.654704","2025-10-30 09:57:36.197229"
"158","3820","23211",77,"https://data.openei.org/files/6179/FPV_Oakville_CA_Inverter5_data.csv","51159288",NULL,False,"2025-08-11 14:01:45.654704","2025-10-30 09:57:36.197229"
"159","3820","23210",77,"https://data.openei.org/files/6179/FPV_Oakville_CA_Inverter4_data.csv","46988169",NULL,False,"2025-08-11 14:01:45.654704","2025-10-30 09:57:36.197229"
"160","3820","23209",77,"https://data.openei.org/files/6179/FPV_Oakville_CA_Inverter11_data.csv","44488258",NULL,False,"2025-08-11 14:01:45.654704","2025-10-30 09:57:36.197229"
"161","3820","23208",77,"https://data.openei.org/files/6179/FPV_Oakville_CA_Inverter1_data.csv","43201730",NULL,False,"2025-08-11 14:01:45.654704","2025-10-30 09:57:36.197229"
"162","3820","23207",77,"https://data.openei.org/files/6179/FPV_Oakville_CA_Inverter6_data.csv","39865361",NULL,False,"2025-08-11 14:01:45.654704","2025-10-30 09:57:36.197229"
"163","3820","23225",77,"https://data.openei.org/files/6179/README%20%281%29.txt","4396",NULL,False,"2025-08-11 14:01:45.654704","2025-10-30 09:57:36.197229"
"164","3820","23224",77,"https://data.openei.org/files/6179/FPV_metafile_mm.xlsx","37730",NULL,False,"2025-08-11 14:01:45.654704","2025-10-30 09:57:36.197229"
"165","3820","23223",77,"https://data.openei.org/files/6179/FSEC_Regional_Test_BaseLine_data.csv","1729247441",NULL,False,"2025-08-11 14:01:45.654704","2025-10-30 09:57:36.197229"
"166","3820","23222",77,"https://data.openei.org/files/6179/FSEC_Regional_Test_Ambient_data.csv","705166157",NULL,False,"2025-08-11 14:01:45.654704","2025-10-30 09:57:36.197229"
"167","3820","23221",77,"https://data.openei.org/files/6179/FPV_Altamonte_FL_data.csv","552164669",NULL,False,"2025-08-11 14:01:45.654704","2025-10-30 09:57:36.197229"
"168","3820","23220",77,"https://data.openei.org/files/6179/FPV_Orlando_FL_data.csv","542738761",NULL,False,"2025-08-11 14:01:45.654704","2025-10-30 09:57:36.197229"
"169","3820","23219",77,"https://data.openei.org/files/6179/FPV_Oakville_CA_data.csv","519596229",NULL,False,"2025-08-11 14:01:45.654704","2025-10-30 09:57:36.197229"
"170","3820","23218",77,"https://data.openei.org/files/6179/FPV_Windsor_CA_data.csv","407358615",NULL,False,"2025-08-11 14:01:45.654704","2025-10-30 09:57:36.197229"
"171","3820","23217",77,"https://data.openei.org/files/6179/FPV_Oakville_CA_Inverter2_data.csv","86440904",NULL,False,"2025-08-11 14:01:45.654704","2025-10-30 09:57:36.197229"
"172","3820","23216",77,"https://data.openei.org/files/6179/FPV_Oakville_CA_Inverter9_data.csv","51015199",NULL,False,"2025-08-11 14:01:45.654704","2025-10-30 09:57:36.197229"
"173","3820","23215",77,"https://data.openei.org/files/6179/FPV_Oakville_CA_Inverter7_data.csv","50605066",NULL,False,"2025-08-11 14:01:45.654704","2025-10-30 09:57:36.197229"
"174","3820","23214",77,"https://data.openei.org/files/6179/FPV_Oakville_CA_Inverter3_data.csv","49095006",NULL,False,"2025-08-11 14:01:45.654704","2025-10-30 09:57:36.197229"
"175","3820","23206",77,"https://data.openei.org/files/6179/FPV_Oakville_CA_Inverter10_data.csv","15475633",NULL,False,"2025-08-11 14:01:45.654704","2025-10-30 09:57:36.197229"
"176","3827","23261",80,"https://data.openei.org/files/8378/RefIV.zip","17556977",NULL,False,"2025-08-11 14:01:45.654704","2025-10-30 09:57:36.197229"
"177","3827","23258",80,"https://data.openei.org/files/8378/AnonDB.csv","254907",NULL,False,"2025-08-11 14:01:45.654704","2025-10-30 09:57:36.197229"
"178","3827","23259",80,"https://data.openei.org/files/8378/IV.zip","17553299",NULL,False,"2025-08-11 14:01:45.654704","2025-10-30 09:57:36.197229"
"179","3827","23260",80,"https://data.openei.org/files/8378/EL.zip","17889622433",NULL,False,"2025-08-11 14:01:45.654704","2025-10-30 09:57:36.197229"
"180","3827","23262",80,"https://data.openei.org/files/8378/AnonDB_descriptions.xlsx","11047",NULL,False,"2025-08-11 14:01:45.654704","2025-10-30 09:57:36.197229"
"181","13009","104374",81,"https://pasteur.epa.gov/uploads/10.23719/1529835/Data_Dictionary_Brehob_ChlaRF.xlsx","17729",NULL,False,"2025-08-11 14:01:45.654704","2025-10-30 09:57:36.197229"
"182","13009","104373",81,"https://pasteur.epa.gov/uploads/10.23719/1529835/Metadata_Brehob_ChlaRF.xlsx","13488",NULL,False,"2025-08-11 14:01:45.654704","2025-10-30 09:57:36.197229"
"183","13009","104372",81,"https://pasteur.epa.gov/uploads/10.23719/1529835/RF_Inputs_Normalized.csv","1505282",NULL,False,"2025-08-11 14:01:45.654704","2025-10-30 09:57:36.197229"
"184","13009","104376",81,"https://pasteur.epa.gov/uploads/10.23719/1529835/WatershedPredictions.csv","35114146",NULL,False,"2025-08-11 14:01:45.654704","2025-10-30 09:57:36.197229"
"185","13009","104375",81,"https://pasteur.epa.gov/uploads/10.23719/1529835/CatchmentPredictions.csv","2356897254",NULL,False,"2025-08-11 14:01:45.654704","2025-10-30 09:57:36.197229"
"186","3992","24325",82,"https://gdr.openei.org/files/540/Island_boundaries.dbf","848",NULL,False,"2025-08-11 14:01:45.654704","2025-10-30 09:57:36.197229"
"187","3992","24321",82,"https://gdr.openei.org/files/540/Island_boundaries.shp","1415320",NULL,False,"2025-08-11 14:01:45.654704","2025-10-30 09:57:36.197229"
"188","3992","24322",82,"https://gdr.openei.org/files/540/Island_boundaries.sbn","212",NULL,False,"2025-08-11 14:01:45.654704","2025-10-30 09:57:36.197229"
"189","3992","24323",82,"https://gdr.openei.org/files/540/Island_boundaries.shx","156",NULL,False,"2025-08-11 14:01:45.654704","2025-10-30 09:57:36.197229"
"190","3992","24324",82,"https://gdr.openei.org/files/540/Island_boundaries.sbx","132",NULL,False,"2025-08-11 14:01:45.654704","2025-10-30 09:57:36.197229"
"191","3992","24326",82,"https://gdr.openei.org/files/540/Island_boundaries.prj","446",NULL,False,"2025-08-11 14:01:45.654704","2025-10-30 09:57:36.197229"
"192","3992","24327",82,"https://gdr.openei.org/files/540/Island_boundaries.shp.xml","8521",NULL,False,"2025-08-11 14:01:45.654704","2025-10-30 09:57:36.197229"
"193","3829","23267",86,"https://www.eia.gov/naturalgas/crudeoilreserves/excel/reserves_tables_2018.xlsx","-1",NULL,False,"2025-08-11 14:01:45.654704","2025-10-30 09:57:36.197229"
"202","19539","119056",90,"http://www.fda.gov/downloads/Drugs/InformationOnDrugs/UCM054599.zip","419",NULL,False,"2025-08-11 14:01:45.654704","2025-10-30 09:57:36.197229"
"203","152848","1446787",92,"http://www.ams.usda.gov/sites/default/files/media/GTRTable15.xlsx","0",NULL,False,"2025-08-11 14:01:45.654704","2025-10-30 09:57:36.197229"
"204","19544","119070",93,"http://www.fda.gov/downloads/Drugs/DevelopmentApprovalProcess/UCM070838.zip","419",NULL,False,"2025-08-11 14:01:45.654704","2025-10-30 09:57:36.197229"
"209","13007","104365",96,"https://dmap-data-commons-ord.s3.amazonaws.com/useeior/US_detail_import_factors_ceda_2022_17sch.csv","178987",NULL,False,"2025-08-11 14:01:45.654704","2025-10-30 09:57:36.197229"
"210","13007","104368",96,"https://pasteur.epa.gov/uploads/10.23719/1531906/USEEIOv2.4-catbird-22.xlsx","10154903",NULL,False,"2025-08-11 14:01:45.654704","2025-10-30 09:57:36.197229"
"211","13007","104367",96,"https://pasteur.epa.gov/uploads/10.23719/1531906/USEEIOv2.4-oriole-22.xlsx","635908",NULL,False,"2025-08-11 14:01:45.654704","2025-10-30 09:57:36.197229"
"212","13007","104366",96,"https://dmap-data-commons-ord.s3.amazonaws.com/useeior/US_summary_import_factors_ceda_2022_17sch.csv","25170",NULL,False,"2025-08-11 14:01:45.654704","2025-10-30 09:57:36.197229"
"233","13027","104425",112,"https://pasteur.epa.gov/uploads/10.23719/1503092/XRD.zip","1361160",NULL,False,"2025-08-11 14:01:45.654704","2025-10-30 09:57:36.197229"
"242","19747","120186",115,"http://www.accessdata.fda.gov/premarket/ftparea/foiclass.zip","0",NULL,False,"2025-08-11 14:01:45.654704","2025-10-30 09:57:36.197229"
"243","13020","104409",116,"https://pasteur.epa.gov/uploads/10.23719/1503175/Means_of_reservoir_nutrients.xlsx","23952",NULL,False,"2025-08-11 14:01:45.654704","2025-10-30 09:57:36.197229"
"244","13020","104397",116,"https://pasteur.epa.gov/uploads/10.23719/1503175/Surface_Temperatures_standardized_FINAL.xlsx","4747083",NULL,False,"2025-08-11 14:01:45.654704","2025-10-30 09:57:36.197229"
"245","13020","104398",116,"https://pasteur.epa.gov/uploads/10.23719/1503175/Deep_Temperatures_standardized_FINAL.xlsx","7946317",NULL,False,"2025-08-11 14:01:45.654704","2025-10-30 09:57:36.197229"
"246","13020","104399",116,"https://pasteur.epa.gov/uploads/10.23719/1503175/Deep_DO_standardized_FINAL.xlsx","8398314",NULL,False,"2025-08-11 14:01:45.654704","2025-10-30 09:57:36.197229"
"247","13020","104400",116,"https://pasteur.epa.gov/uploads/10.23719/1503175/GAM_for_nonstratifying_reservoirs.xlsx","21840",NULL,False,"2025-08-11 14:01:45.654704","2025-10-30 09:57:36.197229"
"248","13020","104401",116,"https://pasteur.epa.gov/uploads/10.23719/1503175/GAM_for_stratifying_reservoirs.xlsx","16048",NULL,False,"2025-08-11 14:01:45.654704","2025-10-30 09:57:36.197229"
"249","13020","104402",116,"https://pasteur.epa.gov/uploads/10.23719/1503175/Reservoir_information.xlsx","13309",NULL,False,"2025-08-11 14:01:45.654704","2025-10-30 09:57:36.197229"
"250","13020","104403",116,"https://pasteur.epa.gov/uploads/10.23719/1503175/NLCD_watershed_land_cover.xlsx","35887",NULL,False,"2025-08-11 14:01:45.654704","2025-10-30 09:57:36.197229"
"251","13020","104404",116,"https://pasteur.epa.gov/uploads/10.23719/1503175/Cyanobacteria_data.xlsx","2690236",NULL,False,"2025-08-11 14:01:45.654704","2025-10-30 09:57:36.197229"
"252","13020","104405",116,"https://pasteur.epa.gov/uploads/10.23719/1503175/Cyanotoxin_taxa_data.xlsx","2723682",NULL,False,"2025-08-11 14:01:45.654704","2025-10-30 09:57:36.197229"
"253","13020","104406",116,"https://pasteur.epa.gov/uploads/10.23719/1503175/Water_temp_DO_data_FINAL.xlsx","202403",NULL,False,"2025-08-11 14:01:45.654704","2025-10-30 09:57:36.197229"
"254","13020","104407",116,"https://pasteur.epa.gov/uploads/10.23719/1503175/Nutrient_trend_data.xlsx","178579",NULL,False,"2025-08-11 14:01:45.654704","2025-10-30 09:57:36.197229"
"255","13020","104408",116,"https://pasteur.epa.gov/uploads/10.23719/1503175/CyanoMaxCD_environmental_vars_FINAL.xlsx","188548",NULL,False,"2025-08-11 14:01:45.654704","2025-10-30 09:57:36.197229"
"256","13040","104460",118,"https://pasteur.epa.gov/uploads/10.23719/1518546/Site_Information_2022_8_1.xlsx","1166",NULL,False,"2025-08-11 14:01:45.654704","2025-10-30 09:57:36.197229"
"257","13040","104458",118,"https://pasteur.epa.gov/uploads/10.23719/1518546/Methods_2022_8_1.xlsx","1166",NULL,False,"2025-08-11 14:01:45.654704","2025-10-30 09:57:36.197229"
"258","13040","104459",118,"https://pasteur.epa.gov/uploads/10.23719/1518546/LTM_Data_2022_8_1.xlsx","1166",NULL,False,"2025-08-11 14:01:45.654704","2025-10-30 09:57:36.197229"
"259","3919","23884",151,"https://www.netl.doe.gov/File%20Library/Research/Carbon%20Seq/CCSprojects-Version-5-2015.zip","0",NULL,False,"2025-08-11 14:01:45.654704","2025-10-30 09:57:36.197229"
"264","3815","23171",153,"https://transition.fcc.gov/oet/info/maps/census/fips/fips.txt","20",NULL,False,"2025-08-11 14:01:45.654704","2025-10-30 09:57:36.197229"
"265","3815","23170",153,"https://data.openei.org/files/8397/county_fips_codes%20%281%29.tif","65685182",NULL,False,"2025-08-11 14:01:45.654704","2025-10-30 09:57:36.197229"
"266","13037","104449",154,"https://pasteur.epa.gov/uploads/10.23719/1529936/Food_Waste_national_2018_m2_v1.3.2_9b1bb41.csv","1535953",NULL,False,"2025-08-11 14:01:45.654704","2025-10-30 09:57:36.197229"
"267","13037","104450",154,"https://pasteur.epa.gov/uploads/10.23719/1529936/Food_Waste_national_2018_m1_v1.3.2_9b1bb41.csv","217063",NULL,False,"2025-08-11 14:01:45.654704","2025-10-30 09:57:36.197229"
"272","13019","104396",156,"https://pasteur.epa.gov/uploads/10.23719/1369615/USEEIOv1.1_Matrices.xlsx","19580387",NULL,False,"2025-08-11 14:01:45.654704","2025-10-30 09:57:36.197229"
"273","13181","104827",157,"https://pasteur.epa.gov/uploads/10.23719/1500450/mangrovedata_2.xlsx","28662",NULL,False,"2025-08-11 14:01:45.654704","2025-10-30 09:57:36.197229"
"274","13181","104826",157,"https://pasteur.epa.gov/uploads/10.23719/1500450/water_data.xlsx","12711",NULL,False,"2025-08-11 14:01:45.654704","2025-10-30 09:57:36.197229"
"275","152752","1446132",158,"https://www.fns.usda.gov/sites/default/files/snap/SNAP-EBT-TPP-guidance.pdf","452",NULL,False,"2025-08-11 14:01:45.654704","2025-10-30 09:57:36.197229"
"276","13031","104440",159,"https://pasteur.epa.gov/uploads/10.23719/1529805/GHGs_by_Sector_and_State_2012-2020.xlsx","15300182",NULL,False,"2025-08-11 14:01:45.654704","2025-10-30 09:57:36.197229"
"277","13031","104442",159,"https://pasteur.epa.gov/uploads/10.23719/1529805/GHGs_by_Aggregate_Sector_US_2012-2020.xlsx","284295",NULL,False,"2025-08-11 14:01:45.654704","2025-10-30 09:57:36.197229"
"278","13031","104441",159,"https://pasteur.epa.gov/uploads/10.23719/1529805/GHGs_by_Detailed_Sector_US_2012-2020.xlsx","1065693",NULL,False,"2025-08-11 14:01:45.654704","2025-10-30 09:57:36.197229"
"295","153517","1449035",179,"http://www.fsa.usda.gov/Internet/FSA_File/hist_stks.xls","0",NULL,False,"2025-08-11 14:01:45.654704","2025-10-30 09:57:36.197229"
"304","19619","119516",184,"https://www.healthit.gov/sites/default/files/data/datasets/MU_REPORT.csv","110",NULL,False,"2025-08-11 14:01:45.654704","2025-10-30 09:57:36.197229"
"305","152809","1446593",185,"http://www.ams.usda.gov/sites/default/files/media/Brazil_Qtr2_Table_5.xlsx","0",NULL,False,"2025-08-11 14:01:45.654704","2025-10-30 09:57:36.197229"
"314","13157","104780",189,"https://pasteur.epa.gov/uploads/10.23719/1518467/README.txt","3988",NULL,False,"2025-08-11 14:01:45.654704","2025-10-30 09:57:36.197229"
"315","13157","104783",189,"https://pasteur.epa.gov/uploads/10.23719/1518467/cm3_t2max_o3.csv","4362323",NULL,False,"2025-08-11 14:01:45.654704","2025-10-30 09:57:36.197229"
"316","13157","104782",189,"https://pasteur.epa.gov/uploads/10.23719/1518467/cm3_t2mean_pm.csv","4362492",NULL,False,"2025-08-11 14:01:45.654704","2025-10-30 09:57:36.197229"
"317","13157","104785",189,"https://pasteur.epa.gov/uploads/10.23719/1518467/cesm_t2max_o3.csv","4362644",NULL,False,"2025-08-11 14:01:45.654704","2025-10-30 09:57:36.197229"
"318","13157","104784",189,"https://pasteur.epa.gov/uploads/10.23719/1518467/cesm_t2mean_pm.csv","4362262",NULL,False,"2025-08-11 14:01:45.654704","2025-10-30 09:57:36.197229"
"319","13157","104781",189,"https://pasteur.epa.gov/uploads/10.23719/1518467/grid.csv","801702",NULL,False,"2025-08-11 14:01:45.654704","2025-10-30 09:57:36.197229"
"320","13058","104508",190,"https://pasteur.epa.gov/uploads/10.23719/1504232/Arsenic_Cancer_Final_2020Sept2.csv","153292",NULL,False,"2025-08-11 14:01:45.654704","2025-10-30 09:57:36.197229"
"321","3832","23294",191,"https://www.eia.gov/electricity/data/state/avgprice_annual.xlsx","-1",NULL,False,"2025-08-11 14:01:45.654704","2025-10-30 09:57:36.197229"
"326","13025","104418",197,"https://pasteur.epa.gov/uploads/10.23719/1517571/NationalGHGIndustryAttributionModel.xlsx","2583824",NULL,False,"2025-08-11 14:01:45.654704","2025-10-30 09:57:36.197229"
"331","19573","119260",199,"https://download.medicaid.gov/data/SDUD-2024.csv","20",NULL,False,"2025-08-11 14:01:45.654704","2025-10-30 09:57:36.197229"
"336","152941","1447107",266,"http://www.ams.usda.gov/sites/default/files/media/BrazilSoybeanTable8.xlsx","0",NULL,False,"2025-08-11 14:01:45.654704","2025-10-30 09:57:36.197229"
"349","152753","1446133",277,"https://www.fns.usda.gov/sites/default/files/resource-files/currentsum-7.xls","449",NULL,False,"2025-08-11 14:01:45.654704","2025-10-30 09:57:36.197229"
"350","21924","128707",280,"https://c3.nasa.gov/dashlink/static/media/dataset/dataset_text.zip","234841",NULL,False,"2025-08-11 14:01:45.654704","2025-10-30 09:57:36.197229"
"351","21924","128705",280,"https://c3.nasa.gov/dashlink/static/media/dataset/BNandADAPTv18.pdf","744723",NULL,False,"2025-08-11 14:01:45.654704","2025-10-30 09:57:36.197229"
"352","21924","128706",280,"https://c3.nasa.gov/dashlink/static/media/dataset/AdaptHTMLdiagrams.zip","269484",NULL,False,"2025-08-11 14:01:45.654704","2025-10-30 09:57:36.197229"
"353","21924","128708",280,"https://c3.nasa.gov/dashlink/static/media/dataset/dataset_matlab.zip","261313",NULL,False,"2025-08-11 14:01:45.654704","2025-10-30 09:57:36.197229"
"354","21924","128709",280,"https://c3.nasa.gov/dashlink/static/media/dataset/Experiment_Log.xls","23040",NULL,False,"2025-08-11 14:01:45.654704","2025-10-30 09:57:36.197229"
"375","13251","105015",329,"https://edg.epa.gov/data/public/OECA/CAFO_Density.zip","998671",NULL,False,"2025-08-11 14:01:45.654704","2025-10-30 09:57:36.197229"
"376","19605","119460",331,"http://www.cdc.gov/violenceprevention/pdf/cdc_nisvs_digest_final-a.pdf","0",NULL,False,"2025-08-11 14:01:45.654704","2025-10-30 09:57:36.197229"
"377","20021","122530",332,"http://www.cdc.gov/violenceprevention/pdf/cdc_nisvs_digest_final-a.pdf","0",NULL,False,"2025-08-11 14:01:45.654704","2025-10-30 09:57:36.197229"
"386","13023","104416",339,"https://pasteur.epa.gov/uploads/10.23719/1375574/USEEIOv1.1-JSONLD-foropenlca.zip","16753193",NULL,False,"2025-08-11 14:01:45.654704","2025-10-30 09:57:36.197229"
"387","19648","119700",341,"https://www.healthit.gov/sites/default/files/data/datasets/SKA_State_County_Data_2011-2013.csv","110",NULL,False,"2025-08-11 14:01:45.654704","2025-10-30 09:57:36.197229"
"392","152851","1446791",343,"http://www.ams.usda.gov/sites/default/files/media/GTRFigure8.xlsx","0",NULL,False,"2025-08-11 14:01:45.654704","2025-10-30 09:57:36.197229"
"393","19589","119323",366,"https://download.medicaid.gov/data/drugproducts1q_2025_Updated05072025.csv","20",NULL,False,"2025-08-11 14:01:45.654704","2025-10-30 09:57:36.197229"
"402","21875","128528",370,"http://asrs.arc.nasa.gov/docs/rpsts/upsets.pdf","657596",NULL,False,"2025-08-11 14:01:45.654704","2025-10-30 09:57:36.197229"
"419","19651","119706",378,"https://download.medicaid.gov/data/mdrp-newly-rprt-drug-04-28-2025-to-05-04-2025.csv","20",NULL,False,"2025-08-11 14:01:45.654704","2025-10-30 09:57:36.197229"
"424","13140","104752",381,"https://pasteur.epa.gov/uploads/10.23719/1532032/Garibaldi_EPA_Monitoring_2017_2023.xlsx","32242144",NULL,False,"2025-08-11 14:01:45.654704","2025-10-30 09:57:36.197229"
"425","13138","104750",383,"https://pasteur.epa.gov/uploads/10.23719/1530705/Bleaching%20Indicators.xlsx","51459",NULL,False,"2025-08-11 14:01:45.654704","2025-10-30 09:57:36.197229"
"426","13138","104744",383,"https://pasteur.epa.gov/uploads/10.23719/1530705/Tissue%20surface%20area.xlsx","17580",NULL,False,"2025-08-11 14:01:45.654704","2025-10-30 09:57:36.197229"
"427","13138","104746",383,"https://pasteur.epa.gov/uploads/10.23719/1530705/Water_Quality.xlsx","16234",NULL,False,"2025-08-11 14:01:45.654704","2025-10-30 09:57:36.197229"
"428","13138","104747",383,"https://pasteur.epa.gov/uploads/10.23719/1530705/PAR.xlsx","13147",NULL,False,"2025-08-11 14:01:45.654704","2025-10-30 09:57:36.197229"
"429","13138","104748",383,"https://pasteur.epa.gov/uploads/10.23719/1530705/PAR%20NTU%20TSS.xlsx","17165",NULL,False,"2025-08-11 14:01:45.654704","2025-10-30 09:57:36.197229"
"430","13138","104749",383,"https://pasteur.epa.gov/uploads/10.23719/1530705/NTU.xlsx","18353",NULL,False,"2025-08-11 14:01:45.654704","2025-10-30 09:57:36.197229"
"431","13138","104745",383,"https://pasteur.epa.gov/uploads/10.23719/1530705/Total%20Alkalinity.xlsx","19465",NULL,False,"2025-08-11 14:01:45.654704","2025-10-30 09:57:36.197229"
"448","153633","1449388",395,"http://www.ams.usda.gov/sites/default/files/media/GTRTable1.xlsx","0",NULL,False,"2025-08-11 14:01:45.654704","2025-10-30 09:57:36.197229"
"457","3891","23677",399,"https://www.eia.gov/petroleum/xls/EIA_LiqPipProject.xlsx","-1",NULL,False,"2025-08-11 14:01:45.654704","2025-10-30 09:57:36.197229"
"482","153511","1449024",407,"http://www.fsa.usda.gov/Internet/FSA_File/hist_imex.xls","0",NULL,False,"2025-08-11 14:01:45.654704","2025-10-30 09:57:36.197229"
"483","153550","1449118",408,"http://www.sc.egov.usda.gov/data/files/RD_Obligations/RD_Obligations_2014_06.zip","-1",NULL,False,"2025-08-11 14:01:45.654704","2025-10-30 09:57:36.197229"
"484","152824","1446670",410,"http://www.fns.usda.gov/sites/default/files/pd/ccsummar.xls","425",NULL,False,"2025-08-11 14:01:45.654704","2025-10-30 09:57:36.197229"
"485","152808","1446592",412,"http://www.dm.usda.gov/procurement/ccsc/docs/FOIARequestUSDAActivePurchaseCardholdersExceptOIGasof030714.xlsx","0",NULL,False,"2025-08-11 14:01:45.654704","2025-10-30 09:57:36.197229"
"490","49143","260673",418,"https://cdn.coastalscience.noaa.gov/datasets/e99/PDFmaps/33_Farallon_deMedinilla_structure.pdf","1280856",NULL,False,"2025-08-11 14:01:45.654704","2025-10-30 09:57:36.197229"
"491","49143","260675",418,"https://cdn.coastalscience.noaa.gov/datasets/e99/PDFmaps/33_Farallon_deMedinilla_zone.pdf","1091622",NULL,False,"2025-08-11 14:01:45.654704","2025-10-30 09:57:36.197229"
"492","49143","260674",418,"https://cdn.coastalscience.noaa.gov/datasets/e99/PDFmaps/46_Farallon_dePajaros_cover.pdf","63313",NULL,False,"2025-08-11 14:01:45.654704","2025-10-30 09:57:36.197229"
"493","19643","119667",421,"https://download.medicaid.gov/data/race-and-ethnicity-2020-2022-01162025.csv","20",NULL,False,"2025-08-11 14:01:45.654704","2025-10-30 09:57:36.197229"
"494","13024","104417",422,"https://echo.epa.gov/files/echodownloads/echo_exporter.zip","429098892",NULL,False,"2025-08-11 14:01:45.654704","2025-10-30 09:57:36.197229"
"495","13073","104569",423,"https://pasteur.epa.gov/uploads/483/MSDS_function_data.csv","1099723",NULL,False,"2025-08-11 14:01:45.654704","2025-10-30 09:57:36.197229"
"496","13141","104753",427,"https://pasteur.epa.gov/uploads/10.23719/1531141/GHGs_by_Detailed_Sector_US_2012-2022.xlsx","1209636",NULL,False,"2025-08-11 14:01:45.654704","2025-10-30 09:57:36.197229"
"497","13141","104754",427,"https://pasteur.epa.gov/uploads/10.23719/1531141/GHGs_by_Aggregate_Sector_US_2012-2022.xlsx","294205",NULL,False,"2025-08-11 14:01:45.654704","2025-10-30 09:57:36.197229"
"510","3810","23147",448,"https://www.eia.gov/state/seds/seds-data-complete.cfm?sid=US","-1",NULL,False,"2025-08-11 14:01:45.654704","2025-10-30 09:57:36.197229"
"511","3810","23146",448,"https://www.eia.gov/state/seds/CDF/Complete_SEDS.csv","-1",NULL,False,"2025-08-11 14:01:45.654704","2025-10-30 09:57:36.197229"
"524","3878","23543",455,"https://www.eia.gov/consumption/residential/data/2009/csv/recs2009_public.csv","-1",NULL,False,"2025-08-11 14:01:45.654704","2025-10-30 09:57:36.197229"
"525","152807","1446591",456,"https://inventory.data.gov/dataset/a4bb2733-5ab4-479e-96f3-5fe7f839c93e/resource/e47689e1-6c62-4611-9574-c0ba88cd7570/download/worldagriculturalproductionaug2014.pdf","1341",NULL,False,"2025-08-11 14:01:45.654704","2025-10-30 09:57:36.197229"
"526","152807","1446590",456,"http://apps.fas.usda.gov/psdonline/circulars/production.pdf","-1",NULL,False,"2025-08-11 14:01:45.654704","2025-10-30 09:57:36.197229"
"531","110045","1016170",459,"ftp://ftp.soest.hawaii.edu/pibhmc/website/data/cnmi-guam/bathymetry/NorthMarianasTransit_60m.grd.zip","3006622",NULL,False,"2025-08-11 14:01:45.654704","2025-10-30 09:57:36.197229"
"532","110045","1016171",459,"ftp://ftp.soest.hawaii.edu/pibhmc/website/data/cnmi-guam/bathymetry/NorthMarianasTransit_60m.asc.zip","3105188",NULL,False,"2025-08-11 14:01:45.654704","2025-10-30 09:57:36.197229"
"533","15065","109240",460,"https://pasteur.epa.gov/uploads/10.23719/1527684/SI_OECD2021_contains_CF2.txt","2282233",NULL,False,"2025-08-11 14:01:45.654704","2025-10-30 09:57:36.197229"
"534","15065","109242",460,"https://pasteur.epa.gov/uploads/10.23719/1527684/List_of_PFAS_chemical_lists_2021-12-29.xlsx","19553",NULL,False,"2025-08-11 14:01:45.654704","2025-10-30 09:57:36.197229"
"535","15065","109239",460,"https://pasteur.epa.gov/uploads/10.23719/1527684/SI_Perhalocarbons.txt","41685",NULL,False,"2025-08-11 14:01:45.654704","2025-10-30 09:57:36.197229"
"536","15065","109236",460,"https://pasteur.epa.gov/uploads/10.23719/1527684/SI_TSCA2021.txt","753084",NULL,False,"2025-08-11 14:01:45.654704","2025-10-30 09:57:36.197229"
"537","15065","109237",460,"https://pasteur.epa.gov/uploads/10.23719/1527684/SI_PFASSTRUCTV4.txt","944473",NULL,False,"2025-08-11 14:01:45.654704","2025-10-30 09:57:36.197229"
"538","15065","109238",460,"https://pasteur.epa.gov/uploads/10.23719/1527684/SI_PFAS_Harvesting_1217_2021.docx","287154",NULL,False,"2025-08-11 14:01:45.654704","2025-10-30 09:57:36.197229"
"539","15065","109241",460,"https://pasteur.epa.gov/uploads/10.23719/1527684/PFAS_List_Manuscript_SI_Files.zip","13143821",NULL,False,"2025-08-11 14:01:45.654704","2025-10-30 09:57:36.197229"
"540","3877","23541",461,"https://data.openei.org/files/6124/ord_moratoriumbanned_Solar_v2.tif","4621670",NULL,False,"2025-08-11 14:01:45.654704","2025-10-30 09:57:36.197229"
"541","3877","23542",461,"https://data.openei.org/files/6124/ord_moratoriumbanned_solar_map_v2.png","12132423",NULL,False,"2025-08-11 14:01:45.654704","2025-10-30 09:57:36.197229"
"542","3877","23538",461,"https://www.nrel.gov/docs/fy24osti/87843.pdf","2779977",NULL,False,"2025-08-11 14:01:45.654704","2025-10-30 09:57:36.197229"
"543","3877","23539",461,"https://data.openei.org/files/6124/ord_moratoriumbanned_Solar_v1.tif","3708284",NULL,False,"2025-08-11 14:01:45.654704","2025-10-30 09:57:36.197229"
"544","3877","23540",461,"https://data.openei.org/files/6124/ord_moratoriumbanned_solar_map_v1.png","12826540",NULL,False,"2025-08-11 14:01:45.654704","2025-10-30 09:57:36.197229"
"553","3864","23493",466,"https://energy.gov/sites/prod/files/DOE_Facilities_Inventory_2014_16_06.csv","0",NULL,False,"2025-08-11 14:01:45.654704","2025-10-30 09:57:36.197229"
"554","59670","392746",467,"ftp://ftp.soest.hawaii.edu/pibhmc/website/data/cnmi-guam/bathymetry/apra_1m_asc.zip","50931413",NULL,False,"2025-08-11 14:01:45.654704","2025-10-30 09:57:36.197229"
"555","59670","392745",467,"ftp://ftp.soest.hawaii.edu/pibhmc/website/data/cnmi-guam/bathymetry/apra_1m_grd.zip","50677362",NULL,False,"2025-08-11 14:01:45.654704","2025-10-30 09:57:36.197229"
"556","152939","1447105",468,"http://www.ams.usda.gov/sites/default/files/media/BrazilSoybeanTable3.xlsx","0",NULL,False,"2025-08-11 14:01:45.654704","2025-10-30 09:57:36.197229"
"557","154973","1453348",469,"http://www.fsa.usda.gov/Internet/FSA_File/expirefips0310.xls","0",NULL,False,"2025-08-11 14:01:45.654704","2025-10-30 09:57:36.197229"
"558","153091","1447658",470,"http://www.fsa.usda.gov/Internet/FSA_File/hist_deltyp3.xls","0",NULL,False,"2025-08-11 14:01:45.654704","2025-10-30 09:57:36.197229"
"567","19618","119515",474,"https://download.medicaid.gov/data/Behavioral-Health-Services-Provided-to-the-MedicaidCHIP-Population.csv","20",NULL,False,"2025-08-11 14:01:45.654704","2025-10-30 09:57:36.197229"
"572","23054","130588",476,"http://turbmodels.larc.nasa.gov/Other_exp_Data/SBLI2.05/Baseline_experiments_3mm_and_5mm_ramps.tar.gz","93993916",NULL,False,"2025-08-11 14:01:45.654704","2025-10-30 09:57:36.197229"
"573","19603","119416",477,"https://data.cms.gov/sites/default/files/2023-11/b82114ef-4dfe-4ad7-8c7a-3d89cad470b6/2022_20220701.zip","2613834069",NULL,False,"2025-08-11 14:01:45.654704","2025-10-30 09:57:36.197229"
"574","19603","119453",477,"https://data.cms.gov/sites/default/files/2023-11/7cf83c73-3703-43b4-8a2a-01ea6ed670db/2019_20190605.zip","2207790008",NULL,False,"2025-08-11 14:01:45.654704","2025-10-30 09:57:36.197229"
"575","19603","119452",477,"https://data.cms.gov/sites/default/files/2023-11/65b17031-c664-4c98-93b7-746a3d5603dc/2019_20190703.zip","2380890119",NULL,False,"2025-08-11 14:01:45.654704","2025-10-30 09:57:36.197229"
"576","19603","119451",477,"https://data.cms.gov/sites/default/files/2023-11/143b48c7-ba26-4b7b-8cfb-271468e637ac/2019_20190731.zip","2513048565",NULL,False,"2025-08-11 14:01:45.654704","2025-10-30 09:57:36.197229"
"577","19603","119450",477,"https://data.cms.gov/sites/default/files/2023-11/61eaab5f-bf01-4022-b005-b7b49a085286/2019_20190828.zip","2210703969",NULL,False,"2025-08-11 14:01:45.654704","2025-10-30 09:57:36.197229"
"578","19603","119449",477,"https://data.cms.gov/sites/default/files/2023-11/5b87864f-0d5f-45ae-8ef7-0755fa65c97e/2020_20190920.zip","2510624872",NULL,False,"2025-08-11 14:01:45.654704","2025-10-30 09:57:36.197229"
"579","19603","119448",477,"https://data.cms.gov/sites/default/files/2023-11/8a29f9d6-fdf2-4241-8631-24bab8b9c114/2020_20191108.zip","2840335171",NULL,False,"2025-08-11 14:01:45.654704","2025-10-30 09:57:36.197229"
"580","19603","119447",477,"https://data.cms.gov/sites/default/files/2023-11/5cc9c4ea-b780-4bc5-8427-907f5493ef56/2020_20191206.zip","2481327958",NULL,False,"2025-08-11 14:01:45.654704","2025-10-30 09:57:36.197229"
"581","19603","119446",477,"https://data.cms.gov/sites/default/files/2023-11/ed2f7f92-ac9f-480c-8280-b9a10037953a/2020_20200103.zip","2480576994",NULL,False,"2025-08-11 14:01:45.654704","2025-10-30 09:57:36.197229"
"582","19603","119445",477,"https://data.cms.gov/sites/default/files/2023-11/ce4b0026-c2a8-49ce-b530-3a2fc1367451/2020_20200131.zip","2230915307",NULL,False,"2025-08-11 14:01:45.654704","2025-10-30 09:57:36.197229"
"583","19603","119444",477,"https://data.cms.gov/sites/default/files/2023-11/d8e09181-8809-4605-ad29-3254aba9ba4f/2020_20200228.zip","2319152326",NULL,False,"2025-08-11 14:01:45.654704","2025-10-30 09:57:36.197229"
"584","19603","119443",477,"https://data.cms.gov/sites/default/files/2023-11/c90406bc-6cd2-4fce-8a93-3532d3f2513f/2020_20200410.zip","2238591156",NULL,False,"2025-08-11 14:01:45.654704","2025-10-30 09:57:36.197229"
"585","19603","119442",477,"https://data.cms.gov/sites/default/files/2023-11/751c67d2-5ea4-4a8a-9350-8d1ca522018f/2020_20200508.zip","2230196895",NULL,False,"2025-08-11 14:01:45.654704","2025-10-30 09:57:36.197229"
"586","19603","119441",477,"https://data.cms.gov/sites/default/files/2023-11/59c89d24-1c2a-47f6-bf02-54ec87904b73/2020_20200605.zip","2230773580",NULL,False,"2025-08-11 14:01:45.654704","2025-10-30 09:57:36.197229"
"587","19603","119440",477,"https://data.cms.gov/sites/default/files/2023-11/3d8d60a6-d132-4490-ac49-d673d33f0844/2020_20200703.zip","2267487050",NULL,False,"2025-08-11 14:01:45.654704","2025-10-30 09:57:36.197229"
"588","19603","119439",477,"https://data.cms.gov/sites/default/files/2023-11/afd9ab57-1482-49b2-b245-08415007c519/2020_20200731.zip","2266716972",NULL,False,"2025-08-11 14:01:45.654704","2025-10-30 09:57:36.197229"
"589","19603","119438",477,"https://data.cms.gov/sites/default/files/2023-11/1cc66b82-9b93-4489-b023-967a74206d5c/2020_20200911.zip","2273324930",NULL,False,"2025-08-11 14:01:45.654704","2025-10-30 09:57:36.197229"
"590","19603","119437",477,"https://data.cms.gov/sites/default/files/2023-11/99d54385-25fc-448e-af85-668b81ef91ec/2021_20200928.zip","2498569459",NULL,False,"2025-08-11 14:01:45.654704","2025-10-30 09:57:36.197229"
"591","19603","119436",477,"https://data.cms.gov/sites/default/files/2023-11/db288d4b-8cdb-4483-9924-6c005bfbe90d/2021_20201106.zip","2506741727",NULL,False,"2025-08-11 14:01:45.654704","2025-10-30 09:57:36.197229"
"592","19603","119435",477,"https://data.cms.gov/sites/default/files/2023-11/d8c0847f-3f80-446e-a0dc-015285a482ec/2021_20201204.zip","2518408926",NULL,False,"2025-08-11 14:01:45.654704","2025-10-30 09:57:36.197229"
"593","19603","119434",477,"https://data.cms.gov/sites/default/files/2023-11/6df5668f-6259-4386-afd7-27d63e40b8b2/2021_20210101.zip","2520603032",NULL,False,"2025-08-11 14:01:45.654704","2025-10-30 09:57:36.197229"
"594","19603","119433",477,"https://data.cms.gov/sites/default/files/2023-11/379cb591-36d9-4a48-af75-7ec84dd8596e/2021_20210129.zip","2535215231",NULL,False,"2025-08-11 14:01:45.654704","2025-10-30 09:57:36.197229"
"595","19603","119432",477,"https://data.cms.gov/sites/default/files/2023-11/c2236004-b650-4384-9db5-c5e9c9ce46a6/2021_20210226.zip","2541219622",NULL,False,"2025-08-11 14:01:45.654704","2025-10-30 09:57:36.197229"
"596","19603","119431",477,"https://data.cms.gov/sites/default/files/2023-11/ccf7c20b-de01-480e-a629-3a4b22e2f980/2021_20210409.zip","2538142536",NULL,False,"2025-08-11 14:01:45.654704","2025-10-30 09:57:36.197229"
"597","19603","119430",477,"https://data.cms.gov/sites/default/files/2023-11/804ba980-a54e-46ea-bc53-20c3904f172a/2021_20210507.zip","2530630345",NULL,False,"2025-08-11 14:01:45.654704","2025-10-30 09:57:36.197229"
"598","19603","119429",477,"https://data.cms.gov/sites/default/files/2023-11/2efc6658-3e84-4a57-bc05-752dec490fa9/2021_20210604.zip","2532168808",NULL,False,"2025-08-11 14:01:45.654704","2025-10-30 09:57:36.197229"
"599","19603","119428",477,"https://data.cms.gov/sites/default/files/2023-11/4fe4805d-63e4-4bb4-af59-b0314685688f/2021_20210702.zip","2533623830",NULL,False,"2025-08-11 14:01:45.654704","2025-10-30 09:57:36.197229"
"600","19603","119427",477,"https://data.cms.gov/sites/default/files/2023-11/f7ba26c3-0ff5-4cff-affc-974b9a6f3986/2021_20210730.zip","2532685958",NULL,False,"2025-08-11 14:01:45.654704","2025-10-30 09:57:36.197229"
"601","19603","119426",477,"https://data.cms.gov/sites/default/files/2023-11/313f3ad0-8412-432c-acf6-f46175ace422/2021_20210910.zip","2534374306",NULL,False,"2025-08-11 14:01:45.654704","2025-10-30 09:57:36.197229"
"602","19603","119425",477,"https://data.cms.gov/sites/default/files/2023-11/0089f6ea-4309-4686-be29-d4532da0db00/2022_20210926.zip","2604936485",NULL,False,"2025-08-11 14:01:45.654704","2025-10-30 09:57:36.197229"
"603","19603","119424",477,"https://data.cms.gov/sites/default/files/2023-11/0578b5c0-ed3b-46da-9488-3ea0fd37d57e/2022_20211105.zip","2607532203",NULL,False,"2025-08-11 14:01:45.654704","2025-10-30 09:57:36.197229"
"604","19603","119423",477,"https://data.cms.gov/sites/default/files/2023-11/fdd4cd90-fb20-47f7-9393-1c16858757e4/2022_20211203.zip","2613909404",NULL,False,"2025-08-11 14:01:45.654704","2025-10-30 09:57:36.197229"
"605","19603","119422",477,"https://data.cms.gov/sites/default/files/2023-11/eb622512-d36a-46c8-9b93-ff7b3df41da5/2022_20211231.zip","2609696037",NULL,False,"2025-08-11 14:01:45.654704","2025-10-30 09:57:36.197229"
"606","19603","119421",477,"https://data.cms.gov/sites/default/files/2023-11/938482fe-a523-4983-abbf-6739ebc3d6f2/2022_20220211.zip","2613616926",NULL,False,"2025-08-11 14:01:45.654704","2025-10-30 09:57:36.197229"
"607","19603","119420",477,"https://data.cms.gov/sites/default/files/2023-11/28a9c246-7484-4ed7-a8db-32bfc7336f3a/2022_20220311.zip","2614499481",NULL,False,"2025-08-11 14:01:45.654704","2025-10-30 09:57:36.197229"
"608","19603","119419",477,"https://data.cms.gov/sites/default/files/2023-11/49c5af4b-9625-4ac0-bd75-d75499de2d5d/2022_20220408.zip","2616884277",NULL,False,"2025-08-11 14:01:45.654704","2025-10-30 09:57:36.197229"
"609","19603","119418",477,"https://data.cms.gov/sites/default/files/2023-11/3cfde40f-40ad-44cc-8b47-c6f3fb7d050b/2022_20220506.zip","2064095489",NULL,False,"2025-08-11 14:01:45.654704","2025-10-30 09:57:36.197229"
"610","19603","119417",477,"https://data.cms.gov/sites/default/files/2023-11/cf3c822b-8333-4e7c-8e0e-4b873369d855/2022_20220603.zip","2615046842",NULL,False,"2025-08-11 14:01:45.654704","2025-10-30 09:57:36.197229"
"611","19603","119415",477,"https://data.cms.gov/sites/default/files/2023-11/a1c31e00-f02c-4fea-b2a0-dd61677bdbcb/2022_20220729.zip","2613127987",NULL,False,"2025-08-11 14:01:45.654704","2025-10-30 09:57:36.197229"
"612","19603","119414",477,"https://data.cms.gov/sites/default/files/2023-11/78be4985-1061-412f-8186-f370189e7430/2022_20220909.zip","2612928385",NULL,False,"2025-08-11 14:01:45.654704","2025-10-30 09:57:36.197229"
"613","19603","119413",477,"https://data.cms.gov/sites/default/files/2023-11/0850cde2-c51a-4225-a66f-93652a947554/2023_20220924.zip","2746939721",NULL,False,"2025-08-11 14:01:45.654704","2025-10-30 09:57:36.197229"
"614","19603","119412",477,"https://data.cms.gov/sites/default/files/2023-11/138570ac-4a3e-476f-9284-9a59b7d97df2/2023_20221104.zip","2740508166",NULL,False,"2025-08-11 14:01:45.654704","2025-10-30 09:57:36.197229"
"615","19603","119411",477,"https://data.cms.gov/sites/default/files/2023-11/73fd9296-51ce-4072-81c1-82bfd4dae39c/2023_20221202.zip","2738222742",NULL,False,"2025-08-11 14:01:45.654704","2025-10-30 09:57:36.197229"
"616","19603","119410",477,"https://data.cms.gov/sites/default/files/2023-11/f4c11ce6-970d-487e-b03a-f6ec75b4ba00/2023_20221230.zip","2741799390",NULL,False,"2025-08-11 14:01:45.654704","2025-10-30 09:57:36.197229"
"617","19603","119409",477,"https://data.cms.gov/sites/default/files/2023-11/345e8284-9a21-4987-91a8-01beae73b695/2023_20230210.zip","2748486156",NULL,False,"2025-08-11 14:01:45.654704","2025-10-30 09:57:36.197229"
"618","19603","119408",477,"https://data.cms.gov/sites/default/files/2023-11/ebe9ea93-b210-45b3-a81f-fd5e867b3c93/2023_20230310.zip","2750282833",NULL,False,"2025-08-11 14:01:45.654704","2025-10-30 09:57:36.197229"
"619","19603","119407",477,"https://data.cms.gov/sites/default/files/2023-11/f3f63420-0cdc-41af-adbf-74fcb57f6888/2023_20230407.zip","2745404103",NULL,False,"2025-08-11 14:01:45.654704","2025-10-30 09:57:36.197229"
"620","19603","119406",477,"https://data.cms.gov/sites/default/files/2023-11/2ab90b80-b8f4-4eab-b6db-eba3b2a2a64b/2023_20230505.zip","2745170086",NULL,False,"2025-08-11 14:01:45.654704","2025-10-30 09:57:36.197229"
"621","19603","119405",477,"https://data.cms.gov/sites/default/files/2023-11/4e2e968f-41c1-43bf-a642-42c86c3e11b3/2023_20230602.zip","2744442995",NULL,False,"2025-08-11 14:01:45.654704","2025-10-30 09:57:36.197229"
"622","19603","119404",477,"https://data.cms.gov/sites/default/files/2023-11/659f4425-12fb-4197-ad83-f8e424a9056c/2023_20230630.zip","2744541422",NULL,False,"2025-08-11 14:01:45.654704","2025-10-30 09:57:36.197229"
"623","19603","119403",477,"https://data.cms.gov/sites/default/files/2023-11/aa4d3589-dcdd-477b-89fc-6f26f861c323/2023_20230811.zip","2743537920",NULL,False,"2025-08-11 14:01:45.654704","2025-10-30 09:57:36.197229"
"624","19603","119402",477,"https://data.cms.gov/sites/default/files/2023-11/df324831-85ef-469f-a52c-45937d09208f/2023_20230908.zip","2742090480",NULL,False,"2025-08-11 14:01:45.654704","2025-10-30 09:57:36.197229"
"625","19603","119401",477,"https://data.cms.gov/sites/default/files/2025-01/333d554e-d4db-4bff-ac69-80068c59953c/2024_20250131_Oct2023.zip","2609812860",NULL,False,"2025-08-11 14:01:45.654704","2025-10-30 09:57:36.197229"
"626","19603","119400",477,"https://data.cms.gov/sites/default/files/2025-01/aae877a9-335c-43dd-b1a0-e649742d1444/2024_20250131_Nov2023.zip","2586394946",NULL,False,"2025-08-11 14:01:45.654704","2025-10-30 09:57:36.197229"
"627","19603","119399",477,"https://data.cms.gov/sites/default/files/2025-01/df39a477-5d55-4770-a11e-f03eb9c6e2de/2024_20250131_Dec2023.zip","2598602542",NULL,False,"2025-08-11 14:01:45.654704","2025-10-30 09:57:36.197229"
"628","19603","119398",477,"https://data.cms.gov/sites/default/files/2025-02/8fcc8df5-e6b3-4381-80ff-308b40f442d9/2024_20250228_Jan2024.zip","2602571429",NULL,False,"2025-08-11 14:01:45.654704","2025-10-30 09:57:36.197229"
"629","19603","119397",477,"https://data.cms.gov/sites/default/files/2025-02/c67d7556-8870-4e86-aeab-32a62867dd74/2024_20250228_Feb2024.zip","2602681495",NULL,False,"2025-08-11 14:01:45.654704","2025-10-30 09:57:36.197229"
"630","19603","119396",477,"https://data.cms.gov/sites/default/files/2025-04/6645b2dd-1903-4074-b39a-3f618894051f/2024_20250331_MAR2024.zip","2596592503",NULL,False,"2025-08-11 14:01:45.654704","2025-10-30 09:57:36.197229"
"631","19603","119395",477,"https://data.cms.gov/sites/default/files/2025-04/f1dfb226-90b3-49a8-af0b-321e1758ad02/2024_20250331_APR2024.zip","2586442241",NULL,False,"2025-08-11 14:01:45.654704","2025-10-30 09:57:36.197229"
"632","19603","119394",477,"https://data.cms.gov/sites/default/files/2025-04/6f20c5a2-94a5-4734-8be0-1851b2f72ccc/2024_20250331_MAY2024.zip","2583778260",NULL,False,"2025-08-11 14:01:45.654704","2025-10-30 09:57:36.197229"
"633","19603","119393",477,"https://data.cms.gov/sites/default/files/2025-05/89fb4f07-ff1f-40e3-b8fd-172b8d0c9ff0/2024_20250430_JUN2024.zip","2580811111",NULL,False,"2025-08-11 14:01:45.654704","2025-10-30 09:57:36.197229"
"634","19603","119392",477,"https://data.cms.gov/sites/default/files/2025-05/7301679a-0661-4ab9-a3ff-5ff23ef23957/2024_20250430_JUL2024.zip","2578750743",NULL,False,"2025-08-11 14:01:45.654704","2025-10-30 09:57:36.197229"
"635","19603","119391",477,"https://data.cms.gov/sites/default/files/2025-05/86d332b6-16cf-4118-8627-ff085e1856ff/2024_20250430_AUG2024.zip","2565856859",NULL,False,"2025-08-11 14:01:45.654704","2025-10-30 09:57:36.197229"
"636","19603","119390",477,"https://data.cms.gov/sites/default/files/2025-05/74f1765a-fcac-41b7-8153-197542c051c3/2024_20250430_SEP2024.zip","2560583769",NULL,False,"2025-08-11 14:01:45.654704","2025-10-30 09:57:36.197229"
"637","19603","119389",477,"https://data.cms.gov/sites/default/files/2024-12/0be15bc4-f63d-484a-8c40-4810b35c91aa/2025_20241219_Oct2024.zip","2392730623",NULL,False,"2025-08-11 14:01:45.654704","2025-10-30 09:57:36.197229"
"638","19603","119388",477,"https://data.cms.gov/sites/default/files/2024-12/bb6379c7-c39f-4c6c-9f99-58e58065668b/2025_20241219_Nov2024.zip","2396841389",NULL,False,"2025-08-11 14:01:45.654704","2025-10-30 09:57:36.197229"
"639","19603","119387",477,"https://data.cms.gov/sites/default/files/2024-12/6258bcc2-9d95-4477-8c66-b43a7bc57c23/2025_20241212.zip","2398754306",NULL,False,"2025-08-11 14:01:45.654704","2025-10-30 09:57:36.197229"
"640","19603","119386",477,"https://data.cms.gov/sites/default/files/2025-01/b41e18c0-2249-490f-a57b-5ed085e03baf/2025_20250123.zip","2401992294",NULL,False,"2025-08-11 14:01:45.654704","2025-10-30 09:57:36.197229"
"641","19603","119385",477,"https://data.cms.gov/sites/default/files/2025-02/2cef8337-fdb7-46fd-bda7-5d926d3b7785/2025_20250220.zip","2402155626",NULL,False,"2025-08-11 14:01:45.654704","2025-10-30 09:57:36.197229"
"642","19603","119384",477,"https://data.cms.gov/sites/default/files/2025-03/482cd695-a618-4723-872c-6963f22642f6/2025_20250320.zip","2411517304",NULL,False,"2025-08-11 14:01:45.654704","2025-10-30 09:57:36.197229"
"643","19603","119383",477,"https://data.cms.gov/sites/default/files/2025-04/b3e5f38b-502d-4ab8-add4-78651e2bfe68/2025_20250417.zip","2406940931",NULL,False,"2025-08-11 14:01:45.654704","2025-10-30 09:57:36.197229"
"644","19603","119382",477,"https://data.cms.gov/sites/default/files/2025-05/ec7d5929-ba13-4a1a-8f4f-3af5034b7a0c/2025_20250515.zip","2398931036",NULL,False,"2025-08-11 14:01:45.654704","2025-10-30 09:57:36.197229"
"645","19603","119458",477,"https://data.cms.gov/sites/default/files/2023-11/4a188c5d-72f6-46e5-8886-067b95895f44/2019_20190102.zip","2217627151",NULL,False,"2025-08-11 14:01:45.654704","2025-10-30 09:57:36.197229"
"646","19603","119457",477,"https://data.cms.gov/sites/default/files/2023-11/a995a2bd-f896-45bf-addd-44facfcbe1b4/2019_20190130.zip","2217885985",NULL,False,"2025-08-11 14:01:45.654704","2025-10-30 09:57:36.197229"
"647","19603","119456",477,"https://data.cms.gov/sites/default/files/2023-11/cfc95300-881a-439d-8f00-7ae7eba2a051/2019_20190227.zip","2208535609",NULL,False,"2025-08-11 14:01:45.654704","2025-10-30 09:57:36.197229"
"648","19603","119455",477,"https://data.cms.gov/sites/default/files/2023-11/14b1226d-fdae-44cc-8c68-25b3fd1da4ce/2019_20190327.zip","2207849120",NULL,False,"2025-08-11 14:01:45.654704","2025-10-30 09:57:36.197229"
"649","19603","119454",477,"https://data.cms.gov/sites/default/files/2023-11/8d112636-ebd5-4342-a496-3254e72a83b6/2019_20190508.zip","2211802614",NULL,False,"2025-08-11 14:01:45.654704","2025-10-30 09:57:36.197229"
"658","19556","119127",482,"https://www.acf.hhs.gov/sites/default/files/documents/ofa/tanf_financial_data_fy_2019_91020.xlsx","134",NULL,False,"2025-08-11 14:01:45.654704","2025-10-30 09:57:36.197229"
"659","19556","119126",482,"https://www.acf.hhs.gov/sites/default/files/documents/ofa/fy2020_tanf_financial_data_table_092221.xlsx","134",NULL,False,"2025-08-11 14:01:45.654704","2025-10-30 09:57:36.197229"
"668","153049","1447499",492,"http://www.fsa.usda.gov/Internet/FSA_File/hist_sugdane.xls","0",NULL,False,"2025-08-11 14:01:45.654704","2025-10-30 09:57:36.197229"
"681","152917","1447027",496,"http://www.fns.usda.gov/sites/default/files/pd/27wilatest.xls","429",NULL,False,"2025-08-11 14:01:45.654704","2025-10-30 09:57:36.197229"
"682","18904","117202",497,"https://pasteur.epa.gov/uploads/10.23719/1531746/Data_with_descriptions_clean_updated_oct15.xlsx","136225236",NULL,False,"2025-08-11 14:01:45.654704","2025-10-30 09:57:36.197229"
"683","152966","1447238",499,"http://www.ams.usda.gov/sites/default/files/media/GTRTable17.xlsx","0",NULL,False,"2025-08-11 14:01:45.654704","2025-10-30 09:57:36.197229"
"704","13156","104779",509,"https://pasteur.epa.gov/uploads/10.23719/1503176/Angradi_social_media_online_sciencehub_11172018.xlsx","3025843",NULL,False,"2025-08-11 14:01:45.654704","2025-10-30 09:57:36.197229"
"705","13082","104578",510,"https://pasteur.epa.gov/uploads/569/PPB_JChemInfMod_Supp_AllData.xlsx","511781",NULL,False,"2025-08-11 14:01:45.654704","2025-10-30 09:57:36.197229"
"718","13077","104571",515,"https://pubs.acs.org/doi/suppl/10.1021/acssuschemeng.1c06845/suppl_file/sc1c06845_si_002.xlsx","7315",NULL,False,"2025-08-11 14:01:45.654704","2025-10-30 09:57:36.197229"
"719","13077","104570",515,"https://pubs.acs.org/doi/suppl/10.1021/acssuschemeng.1c06845/suppl_file/sc1c06845_si_001.xlsx","7229",NULL,False,"2025-08-11 14:01:45.654704","2025-10-30 09:57:36.197229"
"720","13467","105476",516,"http://d0404jr4ec003:8080/geoportal/layer_files/facilities/FRSrmp.zip","-1",NULL,False,"2025-08-11 14:01:45.654704","2025-10-30 09:57:36.197229"
"725","13700","105951",518,"https://pasteur.epa.gov/uploads/10.23719/1532248/AndersonLake_datasets_vENV.xlsx","134454",NULL,False,"2025-08-11 14:01:45.654704","2025-10-30 09:57:36.197229"
"726","13700","105950",518,"https://pasteur.epa.gov/uploads/10.23719/1532248/Data%20description%20AndersonLake_datasets_Lu.docx","46874",NULL,False,"2025-08-11 14:01:45.654704","2025-10-30 09:57:36.197229"
"727","3848","23400",519,"https://data.openei.org/files/6120/airport_heliport_setbacks.tif","6092430",NULL,False,"2025-08-11 14:01:45.654704","2025-10-30 09:57:36.197229"
"728","3848","23402",519,"https://www.nrel.gov/docs/fy24osti/87843.pdf","2779977",NULL,False,"2025-08-11 14:01:45.654704","2025-10-30 09:57:36.197229"
"729","3848","23401",519,"https://data.openei.org/files/6120/airport_heliport_setbacks_map.png","13836553",NULL,False,"2025-08-11 14:01:45.654704","2025-10-30 09:57:36.197229"
"730","4011","24404",520,"https://data.openei.org/files/6125/setbacks_pipeline_115hh_170rd_extrapolated.tif","7151276",NULL,False,"2025-08-11 14:01:45.654704","2025-10-30 09:57:36.197229"
"731","4011","24403",520,"https://www.nrel.gov/docs/fy24osti/87843.pdf","2779977",NULL,False,"2025-08-11 14:01:45.654704","2025-10-30 09:57:36.197229"
"732","4011","24405",520,"https://data.openei.org/files/6125/setbacks_pipeline_115hh_170rd_extrapolated.png","17627347",NULL,False,"2025-08-11 14:01:45.654704","2025-10-30 09:57:36.197229"
"733","4035","24578",521,"https://data.openei.org/files/6122/nexrad_green_los.tif","6497174",NULL,False,"2025-08-11 14:01:45.654704","2025-10-30 09:57:36.197229"
"734","4035","24576",521,"https://www.nrel.gov/docs/fy24osti/87843.pdf","2779977",NULL,False,"2025-08-11 14:01:45.654704","2025-10-30 09:57:36.197229"
"735","4035","24577",521,"https://data.openei.org/files/6122/nexrad_green_los_map.png","14199946",NULL,False,"2025-08-11 14:01:45.654704","2025-10-30 09:57:36.197229"
"736","4174","25563",522,"https://data.openei.org/files/6123/ord_moratoriumbanned_wind_map.png","12824086",NULL,False,"2025-08-11 14:01:45.654704","2025-10-30 09:57:36.197229"
"737","4174","25561",522,"https://www.nrel.gov/docs/fy24osti/87843.pdf","2779977",NULL,False,"2025-08-11 14:01:45.654704","2025-10-30 09:57:36.197229"
"738","4174","25562",522,"https://data.openei.org/files/6123/ord_moratoriumbanned_Wind.tif","3708280",NULL,False,"2025-08-11 14:01:45.654704","2025-10-30 09:57:36.197229"
"739","4207","25697",523,"https://data.openei.org/files/6121/nexrad_4km.tif","3800298",NULL,False,"2025-08-11 14:01:45.654704","2025-10-30 09:57:36.197229"
"740","4207","25698",523,"https://data.openei.org/files/6121/nexrad_4km_map.png","11203975",NULL,False,"2025-08-11 14:01:45.654704","2025-10-30 09:57:36.197229"
"741","4207","25699",523,"https://www.nrel.gov/docs/fy24osti/87843.pdf","2779977",NULL,False,"2025-08-11 14:01:45.654704","2025-10-30 09:57:36.197229"
"742","4370","26392",524,"https://data.openei.org/files/6138/doi_criteria_ridgelines_detailed%20%281%29.tif","19171140",NULL,False,"2025-08-11 14:01:45.654704","2025-10-30 09:57:36.197229"
"743","4370","26391",524,"https://data.openei.org/files/6138/doi_criteria_ridgelines_detailed_map.png","27855612",NULL,False,"2025-08-11 14:01:45.654704","2025-10-30 09:57:36.197229"
"744","4370","26390",524,"https://www.nrel.gov/docs/fy24osti/87843.pdf","2779977",NULL,False,"2025-08-11 14:01:45.654704","2025-10-30 09:57:36.197229"
"745","4375","26426",525,"https://www.nrel.gov/docs/fy24osti/87843.pdf","2779977",NULL,False,"2025-08-11 14:01:45.654704","2025-10-30 09:57:36.197229"
"746","4375","26425",525,"https://data.openei.org/files/6131/setbacks_rail_reference_map.png","16951656",NULL,False,"2025-08-11 14:01:45.654704","2025-10-30 09:57:36.197229"
"747","4375","26427",525,"https://data.openei.org/files/6131/setbacks_rail_reference%20%281%29.tif","18321875",NULL,False,"2025-08-11 14:01:45.654704","2025-10-30 09:57:36.197229"
"748","4555","27508",526,"https://data.openei.org/files/6129/setbacks_road_115hh_170rd_map.png","17715090",NULL,False,"2025-08-11 14:01:45.654704","2025-10-30 09:57:36.197229"
"749","4555","27504",526,"https://www.nrel.gov/docs/fy24osti/87843.pdf","2779977",NULL,False,"2025-08-11 14:01:45.654704","2025-10-30 09:57:36.197229"
"750","4555","27505",526,"https://data.openei.org/files/6129/setbacks_road_115hh_170rd_extrapolated.tif","47995634",NULL,False,"2025-08-11 14:01:45.654704","2025-10-30 09:57:36.197229"
"751","4555","27506",526,"https://data.openei.org/files/6129/setbacks_road_115hh_170rd_extrapolated.png","42656947",NULL,False,"2025-08-11 14:01:45.654704","2025-10-30 09:57:36.197229"
"752","4555","27507",526,"https://data.openei.org/files/6129/setbacks_road_115hh_170rd.tif","8782472",NULL,False,"2025-08-11 14:01:45.654704","2025-10-30 09:57:36.197229"
"753","4654","28054",527,"https://www.nrel.gov/docs/fy24osti/87843.pdf","2779977",NULL,False,"2025-08-11 14:01:45.654704","2025-10-30 09:57:36.197229"
"754","4654","28055",527,"https://data.openei.org/files/6141/ops_structure.tif","10244037",NULL,False,"2025-08-11 14:01:45.654704","2025-10-30 09:57:36.197229"
"755","4654","28052",527,"https://data.openei.org/files/6141/setbacks_structure_reference_map.png","37686480",NULL,False,"2025-08-11 14:01:45.654704","2025-10-30 09:57:36.197229"
"756","4654","28056",527,"https://data.openei.org/files/6141/ops_structure_map.png","15340770",NULL,False,"2025-08-11 14:01:45.654704","2025-10-30 09:57:36.197229"
"757","4654","28053",527,"https://data.openei.org/files/6141/setbacks_structure_reference%20%281%29.tif","133330115",NULL,False,"2025-08-11 14:01:45.654704","2025-10-30 09:57:36.197229"
"758","5362","29688",528,"https://data.openei.org/files/6127/setbacks_rail_115hh_170rd_extrapolated.png","15767651",NULL,False,"2025-08-11 14:01:45.654704","2025-10-30 09:57:36.197229"
"759","5362","29687",528,"https://data.openei.org/files/6127/setbacks_rail_115hh_170rd_extrapolated.tif","7699042",NULL,False,"2025-08-11 14:01:45.654704","2025-10-30 09:57:36.197229"
"760","5362","29690",528,"https://data.openei.org/files/6127/setbacks_rail_115hh_170rd_map.png","12955304",NULL,False,"2025-08-11 14:01:45.654704","2025-10-30 09:57:36.197229"
"761","5362","29686",528,"https://www.nrel.gov/docs/fy24osti/87843.pdf","2779977",NULL,False,"2025-08-11 14:01:45.654704","2025-10-30 09:57:36.197229"
"762","5362","29689",528,"https://data.openei.org/files/6127/setbacks_rail_115hh_170rd.tif","3787228",NULL,False,"2025-08-11 14:01:45.654704","2025-10-30 09:57:36.197229"
"763","5442","29875",529,"https://www.nrel.gov/docs/fy24osti/87843.pdf","2779977",NULL,False,"2025-08-11 14:01:45.654704","2025-10-30 09:57:36.197229"
"764","5442","29878",529,"https://data.openei.org/files/6136/setbacks_water_115hh_170rd.tif","4274914",NULL,False,"2025-08-11 14:01:45.654704","2025-10-30 09:57:36.197229"
"765","5442","29877",529,"https://data.openei.org/files/6136/setbacks_water_115hh_170rd_extrapolated.png","36730333",NULL,False,"2025-08-11 14:01:45.654704","2025-10-30 09:57:36.197229"
"766","5442","29876",529,"https://data.openei.org/files/6136/setbacks_water_115hh_170rd_extrapolated.tif","42595370",NULL,False,"2025-08-11 14:01:45.654704","2025-10-30 09:57:36.197229"
"767","5442","29879",529,"https://data.openei.org/files/6136/setbacks_water_115hh_170rd_map.png","14475784",NULL,False,"2025-08-11 14:01:45.654704","2025-10-30 09:57:36.197229"
"768","5446","29884",530,"https://data.openei.org/files/6132/setbacks_structure_115hh_170rd_extrapolated.tif","35735252",NULL,False,"2025-08-11 14:01:45.654704","2025-10-30 09:57:36.197229"
"769","5446","29887",530,"https://data.openei.org/files/6132/setbacks_structure_115hh_170rd.tif","8633648",NULL,False,"2025-08-11 14:01:45.654704","2025-10-30 09:57:36.197229"
"770","5446","29886",530,"https://data.openei.org/files/6132/setbacks_structure_115hh_170rd_map.png","16995566",NULL,False,"2025-08-11 14:01:45.654704","2025-10-30 09:57:36.197229"
"771","5446","29885",530,"https://data.openei.org/files/6132/setbacks_structure_115hh_170rd_extrapolated.png","32420665",NULL,False,"2025-08-11 14:01:45.654704","2025-10-30 09:57:36.197229"
"772","5446","29883",530,"https://www.nrel.gov/docs/fy24osti/87843.pdf","2779977",NULL,False,"2025-08-11 14:01:45.654704","2025-10-30 09:57:36.197229"
"773","5499","30024",531,"https://data.openei.org/files/6134/setbacks_transmission_115hh_170rd_extrapolated.tif","10588378",NULL,False,"2025-08-11 14:01:45.654704","2025-10-30 09:57:36.197229"
"774","5499","30025",531,"https://data.openei.org/files/6134/setbacks_transmission_115hh_170rd_extrapolated.png","20049413",NULL,False,"2025-08-11 14:01:45.654704","2025-10-30 09:57:36.197229"
"775","5499","30026",531,"https://data.openei.org/files/6134/setbacks_transmission_115hh_170rd.tif","4214520",NULL,False,"2025-08-11 14:01:45.654704","2025-10-30 09:57:36.197229"
"776","5499","30027",531,"https://data.openei.org/files/6134/setbacks_transmission_115hh_170rd_map.png","14459208",NULL,False,"2025-08-11 14:01:45.654704","2025-10-30 09:57:36.197229"
"777","5499","30023",531,"https://www.nrel.gov/docs/fy24osti/87843.pdf","2779977",NULL,False,"2025-08-11 14:01:45.654704","2025-10-30 09:57:36.197229"
"778","6874","34761",532,"https://data.openei.org/files/6001/limited_access_2030_moderate_rep-profiles_2012.h5","1998472909",NULL,False,"2025-08-11 14:01:45.654704","2025-10-30 09:57:36.197229"
"779","6874","34770",532,"https://data.openei.org/files/6001/solar_limited_exclusions_pct_include_sl.tif","398401208",NULL,False,"2025-08-11 14:01:45.654704","2025-10-30 09:57:36.197229"
"780","6874","34771",532,"https://data.openei.org/files/6001/open_access_2030_moderate_representative_profiles_2012.h5","2054829274",NULL,False,"2025-08-11 14:01:45.654704","2025-10-30 09:57:36.197229"
"781","6874","34762",532,"https://data.openei.org/files/6001/reference_access_2030_moderate_supply-curve.csv","17119736",NULL,False,"2025-08-11 14:01:45.654704","2025-10-30 09:57:36.197229"
"782","6874","34768",532,"https://data.openei.org/files/6001/solar_open_exclusions_percent_included.tif","303745137",NULL,False,"2025-08-11 14:01:45.654704","2025-10-30 09:57:36.197229"
"783","6874","34769",532,"https://data.openei.org/files/6001/solar_reference_exclusions_pct_include_sl.tif","384732966",NULL,False,"2025-08-11 14:01:45.654704","2025-10-30 09:57:36.197229"
"784","6874","34759",532,"https://data.openei.org/files/6001/How%20to%20Link%20Supply%20Curves%20with%20Temporal%20Profiles.ipynb","412390",NULL,False,"2025-08-11 14:01:45.654704","2025-10-30 09:57:36.197229"
"785","6874","34760",532,"https://data.openei.org/files/6001/limited_access_2030_moderate_supply-curve.csv","16916988",NULL,False,"2025-08-11 14:01:45.654704","2025-10-30 09:57:36.197229"
"786","6874","34763",532,"https://data.openei.org/files/6001/reference_access_2030_moderate_rep-profiles_2012.h5","2023859608",NULL,False,"2025-08-11 14:01:45.654704","2025-10-30 09:57:36.197229"
"787","6874","34764",532,"https://data.openei.org/files/6001/solar_pv_rev_supply_curve_column_lookup.csv","2000",NULL,False,"2025-08-11 14:01:45.654704","2025-10-30 09:57:36.197229"
"788","6874","34765",532,"https://data.openei.org/files/6001/SolarExclusionMap.png","52336271",NULL,False,"2025-08-11 14:01:45.654704","2025-10-30 09:57:36.197229"
"789","6874","34767",532,"https://data.openei.org/files/6001/open_access_2030_moderate_supply_curve.csv","12661780",NULL,False,"2025-08-11 14:01:45.654704","2025-10-30 09:57:36.197229"
"790","6874","34766",532,"https://www.nrel.gov/docs/fy24osti/87843.pdf","2779977",NULL,False,"2025-08-11 14:01:45.654704","2025-10-30 09:57:36.197229"
"791","6925","35258",533,"https://www.nrel.gov/docs/fy24osti/87843.pdf","2779977",NULL,False,"2025-08-11 14:01:45.654704","2025-10-30 09:57:36.197229"
"792","6925","35259",533,"https://data.openei.org/files/6143/setbacks_transmission_reference%20%281%29.tif","30074325",NULL,False,"2025-08-11 14:01:45.654704","2025-10-30 09:57:36.197229"
"793","6925","35260",533,"https://data.openei.org/files/6143/setbacks_transmission_reference_map.png","20316258",NULL,False,"2025-08-11 14:01:45.654704","2025-10-30 09:57:36.197229"
"794","7148","36032",534,"https://data.openei.org/files/6144/ops_water_map.png","29444737",NULL,False,"2025-08-11 14:01:45.654704","2025-10-30 09:57:36.197229"
"795","7148","36031",534,"https://data.openei.org/files/6144/setbacks_water_reference%20%281%29.tif","105021633",NULL,False,"2025-08-11 14:01:45.654704","2025-10-30 09:57:36.197229"
"796","7148","36033",534,"https://data.openei.org/files/6144/ops_water.tif","80791495",NULL,False,"2025-08-11 14:01:45.654704","2025-10-30 09:57:36.197229"
"797","7148","36029",534,"https://www.nrel.gov/docs/fy24osti/87843.pdf","2779977",NULL,False,"2025-08-11 14:01:45.654704","2025-10-30 09:57:36.197229"
"798","7148","36030",534,"https://data.openei.org/files/6144/setbacks_water_reference_map.png","33761267",NULL,False,"2025-08-11 14:01:45.654704","2025-10-30 09:57:36.197229"
"799","7170","36155",535,"https://data.openei.org/files/6119/reference_115hh_170rd_sl.tif","87438741",NULL,False,"2025-08-11 14:01:45.654704","2025-10-30 09:57:36.197229"
"800","7170","36157",535,"https://data.openei.org/files/6119/open_115hh_170rd.tif","313002538",NULL,False,"2025-08-11 14:01:45.654704","2025-10-30 09:57:36.197229"
"801","7170","36156",535,"https://data.openei.org/files/6119/open_access_2030_moderate_115hh_170rd_representative_profiles%202012.h5","1027335900",NULL,False,"2025-08-11 14:01:45.654704","2025-10-30 09:57:36.197229"
"802","7170","36154",535,"https://data.openei.org/files/6119/limited_115hh_170rd_sl.tif","57010959",NULL,False,"2025-08-11 14:01:45.654704","2025-10-30 09:57:36.197229"
"803","7170","36153",535,"https://data.openei.org/files/6119/open_access_2030_moderate_115hh_170rd_supply_curve.csv","11178264",NULL,False,"2025-08-11 14:01:45.654704","2025-10-30 09:57:36.197229"
"804","7170","36152",535,"https://data.openei.org/files/6119/reference_access_2030_moderate_115hh_170rd_rep-profiles_2012%20%281%29.h5","877842977",NULL,False,"2025-08-11 14:01:45.654704","2025-10-30 09:57:36.197229"
"805","7170","36151",535,"https://data.openei.org/files/6119/limited_access_2030_moderate_115hh_170rd_rep-profiles_2012%20%281%29.h5","603474780",NULL,False,"2025-08-11 14:01:45.654704","2025-10-30 09:57:36.197229"
"806","7170","36150",535,"https://data.openei.org/files/6119/reference_access_2030_moderate_115hh_170rd_supply-curve%20%281%29.csv","10048372",NULL,False,"2025-08-11 14:01:45.654704","2025-10-30 09:57:36.197229"
"807","7170","36149",535,"https://data.openei.org/files/6119/WindExclusionMap.png","41104316",NULL,False,"2025-08-11 14:01:45.654704","2025-10-30 09:57:36.197229"
"808","7170","36148",535,"https://data.openei.org/files/6119/lbw_rev_supply_curve_column_lookup.csv","1823",NULL,False,"2025-08-11 14:01:45.654704","2025-10-30 09:57:36.197229"
"809","7170","36147",535,"https://data.openei.org/files/6119/limited_access_2030_moderate_115hh_170rd_supply-curve.csv","8256244",NULL,False,"2025-08-11 14:01:45.654704","2025-10-30 09:57:36.197229"
"810","7170","36146",535,"https://data.openei.org/files/6119/How%20to%20Link%20Supply%20Curves%20with%20Temporal%20Profiles.ipynb","412390",NULL,False,"2025-08-11 14:01:45.654704","2025-10-30 09:57:36.197229"
"811","7170","36145",535,"https://www.nrel.gov/docs/fy24osti/87843.pdf","2779977",NULL,False,"2025-08-11 14:01:45.654704","2025-10-30 09:57:36.197229"
"812","7208","36390",536,"https://data.openei.org/files/6126/setbacks_pipeline_reference_map.png","19037686",NULL,False,"2025-08-11 14:01:45.654704","2025-10-30 09:57:36.197229"
"813","7208","36391",536,"https://data.openei.org/files/6126/setbacks_pipeline_reference%20%281%29.tif","15090431",NULL,False,"2025-08-11 14:01:45.654704","2025-10-30 09:57:36.197229"
"814","7208","36389",536,"https://www.nrel.gov/docs/fy24osti/87843.pdf","2779977",NULL,False,"2025-08-11 14:01:45.654704","2025-10-30 09:57:36.197229"
"815","22413","130057",537,"https://c3.nasa.gov/dashlink/static/media/publication/AIAA-42783-102.pdf","1252100",NULL,False,"2025-08-11 14:01:45.654704","2025-10-30 09:57:36.197229"
"816","21938","128762",539,"https://data.nasa.gov/docs/datasets/public/csm/26.zip","-1",NULL,False,"2025-08-11 14:01:45.654704","2025-10-30 09:57:36.197229"
"817","21938","128747",539,"https://data.nasa.gov/docs/datasets/public/csm/6.zip","0",NULL,False,"2025-08-11 14:01:45.654704","2025-10-30 09:57:36.197229"
"818","21938","128746",539,"https://data.nasa.gov/docs/datasets/public/csm/5.zip","0",NULL,False,"2025-08-11 14:01:45.654704","2025-10-30 09:57:36.197229"
"819","21938","128763",539,"https://data.nasa.gov/docs/datasets/public/csm/description.txt","0",NULL,False,"2025-08-11 14:01:45.654704","2025-10-30 09:57:36.197229"
"820","21938","128761",539,"https://data.nasa.gov/docs/datasets/public/csm/25.zip","-1",NULL,False,"2025-08-11 14:01:45.654704","2025-10-30 09:57:36.197229"
"821","21938","128748",539,"https://data.nasa.gov/docs/datasets/public/csm/9.zip","0",NULL,False,"2025-08-11 14:01:45.654704","2025-10-30 09:57:36.197229"
"822","21938","128749",539,"https://data.nasa.gov/docs/datasets/public/csm/10.zip","0",NULL,False,"2025-08-11 14:01:45.654704","2025-10-30 09:57:36.197229"
"823","21938","128756",539,"https://data.nasa.gov/docs/datasets/public/csm/19.zip","0",NULL,False,"2025-08-11 14:01:45.654704","2025-10-30 09:57:36.197229"
"824","21938","128754",539,"https://data.nasa.gov/docs/datasets/public/csm/17.zip","0",NULL,False,"2025-08-11 14:01:45.654704","2025-10-30 09:57:36.197229"
"825","21938","128750",539,"https://data.nasa.gov/docs/datasets/public/csm/11.zip","0",NULL,False,"2025-08-11 14:01:45.654704","2025-10-30 09:57:36.197229"
"826","21938","128751",539,"https://data.nasa.gov/docs/datasets/public/csm/12.zip","0",NULL,False,"2025-08-11 14:01:45.654704","2025-10-30 09:57:36.197229"
"827","21938","128752",539,"https://data.nasa.gov/docs/datasets/public/csm/13.zip","0",NULL,False,"2025-08-11 14:01:45.654704","2025-10-30 09:57:36.197229"
"828","21938","128753",539,"https://data.nasa.gov/docs/datasets/public/csm/14.zip","0",NULL,False,"2025-08-11 14:01:45.654704","2025-10-30 09:57:36.197229"
"829","21938","128755",539,"https://data.nasa.gov/docs/datasets/public/csm/18.zip","0",NULL,False,"2025-08-11 14:01:45.654704","2025-10-30 09:57:36.197229"
"830","21938","128757",539,"https://data.nasa.gov/docs/datasets/public/csm/21.zip","0",NULL,False,"2025-08-11 14:01:45.654704","2025-10-30 09:57:36.197229"
"831","21938","128758",539,"https://data.nasa.gov/docs/datasets/public/csm/22.zip","0",NULL,False,"2025-08-11 14:01:45.654704","2025-10-30 09:57:36.197229"
"832","21938","128759",539,"https://data.nasa.gov/docs/datasets/public/csm/23.zip","-1",NULL,False,"2025-08-11 14:01:45.654704","2025-10-30 09:57:36.197229"
"833","21938","128760",539,"https://data.nasa.gov/docs/datasets/public/csm/24.zip","-1",NULL,False,"2025-08-11 14:01:45.654704","2025-10-30 09:57:36.197229"
"834","35809","150420",546,"http://asrs.arc.nasa.gov/docs/rpsts/cftt.pdf","591113",NULL,False,"2025-08-11 14:01:45.654704","2025-10-30 09:57:36.197229"
"835","19602","119381",547,"http://www.fda.gov/downloads/Drugs/InformationOnDrugs/UCM197817.zip","419",NULL,False,"2025-08-11 14:01:45.654704","2025-10-30 09:57:36.197229"
"836","152771","1446183",548,"http://www.fns.usda.gov/sites/default/files/pd/SNAPsummary.xls","430",NULL,False,"2025-08-11 14:01:45.654704","2025-10-30 09:57:36.197229"
"837","153508","1449021",549,"http://www.fsa.usda.gov/Internet/FSA_File/hist_sales.xls","0",NULL,False,"2025-08-11 14:01:45.654704","2025-10-30 09:57:36.197229"
"850","19640","119658",553,"https://download.medicaid.gov/data/ManagedCare-anul.csv","20",NULL,False,"2025-08-11 14:01:45.654704","2025-10-30 09:57:36.197229"
"851","19665","119790",554,"https://download.medicaid.gov/data/SDUD-2023.csv","20",NULL,False,"2025-08-11 14:01:45.654704","2025-10-30 09:57:36.197229"
"852","152830","1446678",555,"https://fns-prod.azureedge.net/sites/default/files/snap/BBCE.pdf","1148",NULL,False,"2025-08-11 14:01:45.654704","2025-10-30 09:57:36.197229"
"853","13046","104467",556,"https://pasteur.epa.gov/uploads/10.23719/1506014/SES_PM25_CMR_data.zip","59053618",NULL,False,"2025-08-11 14:01:45.654704","2025-10-30 09:57:36.197229"
"854","13231","104972",557,"https://pasteur.epa.gov/uploads/10.23719/1531685/cleaned_emf_data_usa.csv","157768594",NULL,False,"2025-08-11 14:01:45.654704","2025-10-30 09:57:36.197229"
"855","19741","120150",558,"https://www.ndacan.acf.hhs.gov/datasets/dataset-details.cfm?ID=266","0",NULL,False,"2025-08-11 14:01:45.654704","2025-10-30 09:57:36.197229"
"856","19741","120147",558,"https://www.ndacan.acf.hhs.gov/datasets/pdfs_user_guides/nytd-outcomes-codebook.pdf","707335",NULL,False,"2025-08-11 14:01:45.654704","2025-10-30 09:57:36.197229"
"857","19741","120153",558,"https://www.ndacan.acf.hhs.gov/datasets/pdfs_user_guides/nytd-outcomes-codebook.pdf","707335",NULL,False,"2025-08-11 14:01:45.654704","2025-10-30 09:57:36.197229"
"858","19741","120152",558,"https://www.ndacan.acf.hhs.gov/datasets/dataset-details.cfm?ID=202","0",NULL,False,"2025-08-11 14:01:45.654704","2025-10-30 09:57:36.197229"
"859","19741","120148",558,"https://www.ndacan.acf.hhs.gov/datasets/dataset-details.cfm?ID=228","0",NULL,False,"2025-08-11 14:01:45.654704","2025-10-30 09:57:36.197229"
"860","19741","120151",558,"https://www.ndacan.acf.hhs.gov/datasets/pdfs_user_guides/nytd-outcomes-codebook.pdf","707335",NULL,False,"2025-08-11 14:01:45.654704","2025-10-30 09:57:36.197229"
"861","19741","120149",558,"https://www.ndacan.acf.hhs.gov/datasets/pdfs_user_guides/nytd-outcomes-codebook.pdf","707335",NULL,False,"2025-08-11 14:01:45.654704","2025-10-30 09:57:36.197229"
"862","19741","120154",558,"https://www.ndacan.acf.hhs.gov/datasets/dataset-details.cfm?ID=266","0",NULL,False,"2025-08-11 14:01:45.654704","2025-10-30 09:57:36.197229"
"867","22007","129056",565,"http://nasa3d.arc.nasa.gov/shared_assets/models/saturnv-c/saturnv-c.zip","162",NULL,False,"2025-08-11 14:01:45.654704","2025-10-30 09:57:36.197229"
"880","3907","23799",570,"https://gdr.openei.org/files/1006/58-32_EOWR_DOE_22Feb_BinderComplete%20%281%29.pdf","28620220",NULL,False,"2025-08-11 14:01:45.654704","2025-10-30 09:57:36.197229"
"881","3907","23794",570,"https://gdr.openei.org/files/1006/58-32_PT_logs.zip","14040106",NULL,False,"2025-08-11 14:01:45.654704","2025-10-30 09:57:36.197229"
"882","3907","23795",570,"https://gdr.openei.org/files/1006/Well_58-32_Final_Mud_Log.pdf","7850396",NULL,False,"2025-08-11 14:01:45.654704","2025-10-30 09:57:36.197229"
"883","3907","23790",570,"https://gdr.openei.org/files/1006/DailyDrillingReports_Well58-32.zip","66657572",NULL,False,"2025-08-11 14:01:45.654704","2025-10-30 09:57:36.197229"
"884","3907","23796",570,"https://gdr.openei.org/files/1006/D5RL-00187_University%20of%20%20Utah_ME-ESW1_Run1_DSI%20Sonic.las","3001504",NULL,False,"2025-08-11 14:01:45.654704","2025-10-30 09:57:36.197229"
"885","3907","23797",570,"https://gdr.openei.org/files/1006/MU-ESW1%20data%20to%207536%27%28TD%29.csv","941060",NULL,False,"2025-08-11 14:01:45.654704","2025-10-30 09:57:36.197229"
"886","3907","23798",570,"https://gdr.openei.org/files/1006/Forge%2058-32%20Monitor%20well%20Dipole%20Sonic%20Data.zip","471698381",NULL,False,"2025-08-11 14:01:45.654704","2025-10-30 09:57:36.197229"
"887","3907","23793",570,"https://gdr.openei.org/files/1006/Pason_Logs.zip","64045044",NULL,False,"2025-08-11 14:01:45.654704","2025-10-30 09:57:36.197229"
"888","3907","23800",570,"https://gdr.openei.org/files/1006/58-32_EOWR.zip","27211479",NULL,False,"2025-08-11 14:01:45.654704","2025-10-30 09:57:36.197229"
"889","3907","23791",570,"https://gdr.openei.org/files/1006/Directional_Survey_well_58_32.zip","425858",NULL,False,"2025-08-11 14:01:45.654704","2025-10-30 09:57:36.197229"
"890","3907","23792",570,"https://gdr.openei.org/files/1006/58-32_logs.zip","1719347823",NULL,False,"2025-08-11 14:01:45.654704","2025-10-30 09:57:36.197229"
"891","13088","104595",572,"https://pasteur.epa.gov/uploads/10.23719/1518425/Data_for_Paper.xlsx","2343485",NULL,False,"2025-08-11 14:01:45.654704","2025-10-30 09:57:36.197229"
"892","13368","105232",574,"https://pasteur.epa.gov/uploads/630/HydrolysisActivationEnergy_est6b05412.xlsx","24085",NULL,False,"2025-08-11 14:01:45.654704","2025-10-30 09:57:36.197229"
"893","13368","105233",574,"https://pasteur.epa.gov/uploads/630/HydrolysisRateConstants_est6b05412.xlsx","428772",NULL,False,"2025-08-11 14:01:45.654704","2025-10-30 09:57:36.197229"
"894","4296","26203",575,"https://www.eia.gov/dnav/pet/xls/PET_MOVE_EXP_DC_NUS-Z00_MBBL_M.xls","-1",NULL,False,"2025-08-11 14:01:45.654704","2025-10-30 09:57:36.197229"
"899","19703","119929",604,"https://data.cms.gov/sites/default/files/2021-05/CPS_MDCR_UTLZN_D_ALL_5.zip","104311",NULL,False,"2025-08-11 14:01:45.654704","2025-10-30 09:57:36.197229"
"900","19703","119922",604,"https://data.cms.gov/sites/default/files/2022-02/CPS%20MDCR%20UTLZN%20D%202020.zip","127673",NULL,False,"2025-08-11 14:01:45.654704","2025-10-30 09:57:36.197229"
"901","19703","119923",604,"https://data.cms.gov/sites/default/files/2021-05/CPS_MDCR_UTLZN_D_ALL.zip","177352",NULL,False,"2025-08-11 14:01:45.654704","2025-10-30 09:57:36.197229"
"902","19703","119924",604,"https://data.cms.gov/sites/default/files/2021-05/CPS_MDCR_UTLZN_D_ALL_0.zip","104612",NULL,False,"2025-08-11 14:01:45.654704","2025-10-30 09:57:36.197229"
"903","19703","119925",604,"https://data.cms.gov/sites/default/files/2021-05/CPS_MDCR_UTLZN_D_ALL_1.zip","105153",NULL,False,"2025-08-11 14:01:45.654704","2025-10-30 09:57:36.197229"
"904","19703","119926",604,"https://data.cms.gov/sites/default/files/2021-05/CPS_MDCR_UTLZN_D_ALL_2.zip","104913",NULL,False,"2025-08-11 14:01:45.654704","2025-10-30 09:57:36.197229"
"905","19703","119927",604,"https://data.cms.gov/sites/default/files/2021-05/CPS_MDCR_UTLZN_D_ALL_3.zip","105160",NULL,False,"2025-08-11 14:01:45.654704","2025-10-30 09:57:36.197229"
"906","19703","119928",604,"https://data.cms.gov/sites/default/files/2021-05/CPS_MDCR_UTLZN_D_ALL_4.zip","104657",NULL,False,"2025-08-11 14:01:45.654704","2025-10-30 09:57:36.197229"
"907","19703","119921",604,"https://data.cms.gov/sites/default/files/2023-02/CPS%20MDCR%20UTLZN%20D%202021.zip","129821",NULL,False,"2025-08-11 14:01:45.654704","2025-10-30 09:57:36.197229"
"908","3987","24253",606,"https://data.openei.org/files/180/drforecastingmethodology20160624.pptx","7870910",NULL,False,"2025-08-11 14:01:45.654704","2025-10-30 09:57:36.197229"
"909","3987","24254",606,"https://data.openei.org/files/180/utilities.csv","216388",NULL,False,"2025-08-11 14:01:45.654704","2025-10-30 09:57:36.197229"
"910","3987","24257",606,"https://data.openei.org/files/180/2006weatherentireusloadprofiles.tar.gz","7560965",NULL,False,"2025-08-11 14:01:45.654704","2025-10-30 09:57:36.197229"
"911","3987","24256",606,"https://data.openei.org/files/180/2006weatherentireustechnicalpotential.tar.gz","108814882",NULL,False,"2025-08-11 14:01:45.654704","2025-10-30 09:57:36.197229"
"912","3987","24258",606,"https://data.openei.org/files/180/2006weatherentireusdrfilters.tar.zip","103788869",NULL,False,"2025-08-11 14:01:45.654704","2025-10-30 09:57:36.197229"
"913","3987","24255",606,"https://data.openei.org/files/180/readme.txt","1287",NULL,False,"2025-08-11 14:01:45.654704","2025-10-30 09:57:36.197229"
"914","21899","128610",610,"http://hesperia.gsfc.nasa.gov/fermi/gbm/qlook/fermi_gbm_flare_list.txt","0",NULL,False,"2025-08-11 14:01:45.654704","2025-10-30 09:57:36.197229"
"915","25440","136416",611,"http://hesperia.gsfc.nasa.gov/fermi/gbm/qlook/fermi_gbm_flare_list.txt","0",NULL,False,"2025-08-11 14:01:45.654704","2025-10-30 09:57:36.197229"
"916","154882","1452951",612,"http://www.ams.usda.gov/sites/default/files/media/BrazilSoybeanTable4.xlsx","0",NULL,False,"2025-08-11 14:01:45.654704","2025-10-30 09:57:36.197229"
"917","153599","1449289",613,"http://www.ams.usda.gov/sites/default/files/media/GTRTable13.xlsx","0",NULL,False,"2025-08-11 14:01:45.654704","2025-10-30 09:57:36.197229"
"918","21975","128893",614,"https://c3.nasa.gov/dashlink/static/media/publication/phmc_11_009.pdf","2927419",NULL,False,"2025-08-11 14:01:45.654704","2025-10-30 09:57:36.197229"
"935","13182","104828",620,"https://dmap-prod-oms-edc.s3.us-east-1.amazonaws.com/ORD/CONUS_NFWs/Geographically_Isolated_Wetlands_of_ConterminousUnitedStates.gdb.zip","4681446876",NULL,False,"2025-08-11 14:01:45.654704","2025-10-30 09:57:36.197229"
"948","13210","104919",624,"https://pasteur.epa.gov/uploads/10.23719/1528678/egrid_generationmix_efs_ijlca_elci.csv","221361",NULL,False,"2025-08-11 14:01:45.654704","2025-10-30 09:57:36.197229"
"949","13217","104928",625,"https://pasteur.epa.gov/uploads/10.23719/1532132/BLD_KMT2.tar","55029760",NULL,False,"2025-08-11 14:01:45.654704","2025-10-30 09:57:36.197229"
"950","13217","104926",625,"https://pasteur.epa.gov/uploads/10.23719/1532132/FIGS_1_4_5.tar","77458432",NULL,False,"2025-08-11 14:01:45.654704","2025-10-30 09:57:36.197229"
"951","13217","104929",625,"https://pasteur.epa.gov/uploads/10.23719/1532132/BLD_AQCHEM.tar","34652160",NULL,False,"2025-08-11 14:01:45.654704","2025-10-30 09:57:36.197229"
"952","13217","104925",625,"https://pasteur.epa.gov/uploads/10.23719/1532132/KMT2_FIGURE_DATA.xlsx","26090",NULL,False,"2025-08-11 14:01:45.654704","2025-10-30 09:57:36.197229"
"953","13217","104927",625,"https://pasteur.epa.gov/uploads/10.23719/1532132/Data%20dictionary-032025.docx","1875612",NULL,False,"2025-08-11 14:01:45.654704","2025-10-30 09:57:36.197229"
"954","150709","1439075",626,"https://s3.amazonaws.com/files.explorer.devtechlab.com/us_foreignaid_greenbook.xlsx","3773510",NULL,False,"2025-08-11 14:01:45.654704","2025-10-30 09:57:36.197229"
"955","20701","124306",630,"http://www.fda.gov/DataSets/Recalls/Food/Food.xml","419",NULL,False,"2025-08-11 14:01:45.654704","2025-10-30 09:57:36.197229"
"956","19943","122243",631,"http://www.fda.gov/downloads/Drugs/InformationOnDrugs/UCM163762.zip","419",NULL,False,"2025-08-11 14:01:45.654704","2025-10-30 09:57:36.197229"
"957","152867","1446839",632,"http://www.fns.usda.gov/sites/default/files/pd/sbsummar.xls","427",NULL,False,"2025-08-11 14:01:45.654704","2025-10-30 09:57:36.197229"
"978","14121","106913",653,"https://pasteur.epa.gov/uploads/10.23719/1503975/all_comm_data_20180817_8metrics.csv","3622435",NULL,False,"2025-08-11 14:01:45.654704","2025-10-30 09:57:36.197229"
"979","14121","106914",653,"https://pasteur.epa.gov/uploads/10.23719/1503975/InputMetrics4Communities.csv","144",NULL,False,"2025-08-11 14:01:45.654704","2025-10-30 09:57:36.197229"
"980","13379","105257",654,"https://pasteur.epa.gov/uploads/10.23719/1519349/SupportingInformation_TablesS1-S7_rev.xlsx","24354653",NULL,False,"2025-08-11 14:01:45.654704","2025-10-30 09:57:36.197229"
"981","13472","105481",655,"https://pasteur.epa.gov/uploads/10.23719/1532240/Markwiese_qPCR_coccidioides.csv","93740",NULL,False,"2025-08-11 14:01:45.654704","2025-10-30 09:57:36.197229"
"982","13472","105482",655,"https://pasteur.epa.gov/uploads/10.23719/1532240/Markwiese_qPCR_coccidioides_readme.txt","4295",NULL,False,"2025-08-11 14:01:45.654704","2025-10-30 09:57:36.197229"
"983","19883","121805",656,"https://www.healthit.gov/sites/default/files/data/datasets/state-health-it-privacy-consent-law-policies.csv","110",NULL,False,"2025-08-11 14:01:45.654704","2025-10-30 09:57:36.197229"
"992","153418","1448642",661,"http://www.ams.usda.gov/sites/default/files/media/BrazilSoybeanFigure3.xlsx","0",NULL,False,"2025-08-11 14:01:45.654704","2025-10-30 09:57:36.197229"
"1013","19711","119969",668,"https://data.medicaid.gov/sites/default/files/uploaded_resources/managed-care-enrollment-by-program-and-population-all-2022-tab2.csv","20",NULL,False,"2025-08-11 14:01:45.654704","2025-10-30 09:57:36.197229"
"1018","19660","119762",670,"https://download.medicaid.gov/data/Pregnancy-Outcomes-for-MedicaidCHIP-Beneficiaries-ages-15-to-44.csv","20",NULL,False,"2025-08-11 14:01:45.654704","2025-10-30 09:57:36.197229"
"1019","19626","119538",671,"https://download.medicaid.gov/data/nadac-national-average-drug-acquisition-cost-12-25-2024.csv","20",NULL,False,"2025-08-11 14:01:45.654704","2025-10-30 09:57:36.197229"
"1020","13292","105091",672,"https://pasteur.epa.gov/uploads/10.23719/1531228/EnviroAtlas_Potential_Wetland_Areas_CONUS_2024_Normalized%20Variable%20Importance.xlsx","16403",NULL,False,"2025-08-11 14:01:45.654704","2025-10-30 09:57:36.197229"
"1021","13292","105090",672,"https://enviroatlas.epa.gov/download/EnviroAtlas_Potential_Wetland_Areas_CONUS_2024.zip","5150065033",NULL,False,"2025-08-11 14:01:45.654704","2025-10-30 09:57:36.197229"
"1026","3895","23754",674,"https://www.eia.gov/consumption/residential/data/2015/csv/recs2015_public_v4.csv","-1",NULL,False,"2025-08-11 14:01:45.654704","2025-10-30 09:57:36.197229"
"1028","152825","1446671",676,"https://www.usda.gov/sites/default/files/documents/ai_inventory.csv","-1",NULL,False,"2025-08-11 14:01:45.654704","2025-10-30 09:57:36.197229"
"1029","23190","131247",679,"http://nodis3.gsfc.nasa.gov/npg_img/N_PD_2800_001B_/N_PD_2800_001B__main.pdf","200",NULL,False,"2025-08-11 14:01:45.654704","2025-10-30 09:57:36.197229"
"1030","154719","1452328",680,"http://www.ams.usda.gov/sites/default/files/media/GTRTable5.xlsx","0",NULL,False,"2025-08-11 14:01:45.654704","2025-10-30 09:57:36.197229"
"1031","19764","120791",681,"http://www.fda.gov/AboutFDA/ContactFDA/StayInformed/RSSFeeds/Recalls/rss.xml","418",NULL,False,"2025-08-11 14:01:45.654704","2025-10-30 09:57:36.197229"
"1032","19958","122284",682,"http://www.fda.gov/downloads/ICECI/EnforcementActions/UCM224485.xls","418",NULL,False,"2025-08-11 14:01:45.654704","2025-10-30 09:57:36.197229"
"1042","3852","23423",690,"https://data.openei.org/files/8319/solar_reference_access_percent_included.tif","421796613",NULL,False,"2025-08-11 14:01:45.654704","2025-10-30 09:57:36.197229"
"1043","3852","23424",690,"https://data.openei.org/files/8319/solar_open_access_percent_included.tif","340161174",NULL,False,"2025-08-11 14:01:45.654704","2025-10-30 09:57:36.197229"
"1044","3852","23425",690,"https://data.openei.org/files/8319/solar_limited_access_percent_included.tif","303273064",NULL,False,"2025-08-11 14:01:45.654704","2025-10-30 09:57:36.197229"
"1045","3852","23426",690,"https://data.openei.org/files/8319/solar_reference_access_2035_moderate_rep-profiles_2012.h5","1986604715",NULL,False,"2025-08-11 14:01:45.654704","2025-10-30 09:57:36.197229"
"1046","3852","23430",690,"https://www.nrel.gov/docs/fy25osti/91900.pdf","6610213",NULL,False,"2025-08-11 14:01:45.654704","2025-10-30 09:57:36.197229"
"1047","3852","23427",690,"https://data.openei.org/files/8319/solar_open_access_2035_moderate_rep-profiles_2012.h5","2018908675",NULL,False,"2025-08-11 14:01:45.654704","2025-10-30 09:57:36.197229"
"1048","3852","23429",690,"https://data.openei.org/files/8319/pv_column_lookup.csv","1929",NULL,False,"2025-08-11 14:01:45.654704","2025-10-30 09:57:36.197229"
"1049","3852","23428",690,"https://data.openei.org/files/8319/solar_limited_access_2035_moderate_rep-profiles_2012.h5","1879439839",NULL,False,"2025-08-11 14:01:45.654704","2025-10-30 09:57:36.197229"
"1050","3852","23420",690,"https://data.openei.org/files/8319/solar_reference_access_2035_moderate_supply_curve.csv","15266414",NULL,False,"2025-08-11 14:01:45.654704","2025-10-30 09:57:36.197229"
"1051","3852","23421",690,"https://data.openei.org/files/8319/solar_open_access_2035_moderate_supply_curve.csv","15485473",NULL,False,"2025-08-11 14:01:45.654704","2025-10-30 09:57:36.197229"
"1052","3852","23422",690,"https://data.openei.org/files/8319/solar_limited_access_2035_moderate_supply_curve.csv","14435230",NULL,False,"2025-08-11 14:01:45.654704","2025-10-30 09:57:36.197229"
"1057","13652","105836",692,"https://pasteur.epa.gov/uploads/10.23719/1532171/Data%20description.docx","31084",NULL,False,"2025-08-11 14:01:45.654704","2025-10-30 09:57:36.197229"
"1058","13652","105834",692,"https://pasteur.epa.gov/uploads/10.23719/1532171/Readme.xlsx","26784",NULL,False,"2025-08-11 14:01:45.654704","2025-10-30 09:57:36.197229"
"1059","13652","105835",692,"https://pasteur.epa.gov/uploads/10.23719/1532171/GL2021-metadata.txt","21873",NULL,False,"2025-08-11 14:01:45.654704","2025-10-30 09:57:36.197229"
"1064","4052","24718",696,"https://data.nrel.gov/system/files/69/PEV-Profiles-L2.xlsx","6774",NULL,False,"2025-08-11 14:01:45.654704","2025-10-30 09:57:36.197229"
"1065","4052","24717",696,"https://data.nrel.gov/system/files/69/PEV-Profiles-L1.xlsx","6766",NULL,False,"2025-08-11 14:01:45.654704","2025-10-30 09:57:36.197229"
"1066","4052","24716",696,"https://data.nrel.gov/system/files/69/Residential-Profiles.xlsx","6814",NULL,False,"2025-08-11 14:01:45.654704","2025-10-30 09:57:36.197229"
"1067","19850","121492",700,"http://www.fda.gov/DataSets/WarningLetters/WarningLettersDataSet.xml","418",NULL,False,"2025-08-11 14:01:45.654704","2025-10-30 09:57:36.197229"
"1120","13653","105837",716,"https://edg.epa.gov/data/Public/OLEM/OLEM-OEM/DWH_Air_Sampling.zip","81008",NULL,False,"2025-08-11 14:01:45.654704","2025-10-30 09:57:36.197229"
"1121","3924","23905",717,"https://energy.gov/sites/prod/files/DOE_AMS_C12_Cs134_Bq_20110630.kmz","0",NULL,False,"2025-08-11 14:01:45.654704","2025-10-30 09:57:36.197229"
"1122","4604","27793",718,"https://gdr.openei.org/files/1076/University_of_Utah_MU_ESW1_FMI_HD_2226_7550ft_Dip_1stRun_Final.las","895107",NULL,False,"2025-08-11 14:01:45.654704","2025-10-30 09:57:36.197229"
"1123","4604","27792",718,"https://gdr.openei.org/files/1006/58-32_logs.zip","1719347823",NULL,False,"2025-08-11 14:01:45.654704","2025-10-30 09:57:36.197229"
"1124","4604","27791",718,"https://gdr.openei.org/files/1076/58-32FMI_DLIS_XML2.zip","2296704487",NULL,False,"2025-08-11 14:01:45.654704","2025-10-30 09:57:36.197229"
"1125","4604","27790",718,"https://gdr.openei.org/files/1076/SchlumbergerData.zip","280724786",NULL,False,"2025-08-11 14:01:45.654704","2025-10-30 09:57:36.197229"
"1126","4265","26062",719,"https://gdr.openei.org/files/304/COGeothermalTargetAreas.zip","279722",NULL,False,"2025-08-11 14:01:45.654704","2025-10-30 09:57:36.197229"
"1131","13142","104756",722,"https://cfpub.epa.gov/si/si_public_record_report.cfm?subject=Homeland%20Security%20Research&dirEntryId=257684","19207",NULL,False,"2025-08-11 14:01:45.654704","2025-10-30 09:57:36.197229"
"1132","13142","104755",722,"https://pasteur.epa.gov/uploads/10.23719/1375314/Mass_Inbalances_EPANET_dataset.zip","556109",NULL,False,"2025-08-11 14:01:45.654704","2025-10-30 09:57:36.197229"
"1133","13693","105935",723,"https://pasteur.epa.gov/uploads/10.23719/1503167/CDD_2014_US_Disposition_Estimates_Using_CDDPath_v2.xlsx","56994",NULL,False,"2025-08-11 14:01:45.654704","2025-10-30 09:57:36.197229"
"1134","13303","105113",724,"https://pasteur.epa.gov/uploads/10.23719/1520876/Dataset.xlsx","38709",NULL,False,"2025-08-11 14:01:45.654704","2025-10-30 09:57:36.197229"
"1135","13980","106590",725,"https://pasteur.epa.gov/uploads/10.23719/1522388/Data_DevelopmentUSPAcorrection_210408.zip","4153094",NULL,False,"2025-08-11 14:01:45.654704","2025-10-30 09:57:36.197229"
"1136","13109","104683",726,"https://pasteur.epa.gov/uploads/10.23719/1523114/VOC02.csv","777371",NULL,False,"2025-08-11 14:01:45.654704","2025-10-30 09:57:36.197229"
"1137","13109","104684",726,"https://pasteur.epa.gov/uploads/10.23719/1523114/VOC01.csv","135195",NULL,False,"2025-08-11 14:01:45.654704","2025-10-30 09:57:36.197229"
"1138","13109","104680",726,"https://pasteur.epa.gov/uploads/10.23719/1523114/VOC11.csv","692624",NULL,False,"2025-08-11 14:01:45.654704","2025-10-30 09:57:36.197229"
"1139","13109","104681",726,"https://pasteur.epa.gov/uploads/10.23719/1523114/VOC07.csv","581142",NULL,False,"2025-08-11 14:01:45.654704","2025-10-30 09:57:36.197229"
"1140","13109","104682",726,"https://pasteur.epa.gov/uploads/10.23719/1523114/VOC06.csv","622021",NULL,False,"2025-08-11 14:01:45.654704","2025-10-30 09:57:36.197229"
"1141","13109","104685",726,"https://pasteur.epa.gov/uploads/10.23719/1523114/ME_characterization_key.txt","226",NULL,False,"2025-08-11 14:01:45.654704","2025-10-30 09:57:36.197229"
"1142","13209","104918",727,"https://pasteur.epa.gov/uploads/10.23719/1528417/CAEandLactoneHydrolysisDataset_final.xlsx","55398",NULL,False,"2025-08-11 14:01:45.654704","2025-10-30 09:57:36.197229"
"1143","13057","104502",728,"https://pasteur.epa.gov/uploads/10.23719/1532183/US_detail_import_factors_gloria_2022_17sch.csv","1256525",NULL,False,"2025-08-11 14:01:45.654704","2025-10-30 09:57:36.197229"
"1144","13057","104501",728,"https://pasteur.epa.gov/uploads/10.23719/1532183/US_summary_import_factors_gloria_2017_17sch.csv","178020",NULL,False,"2025-08-11 14:01:45.654704","2025-10-30 09:57:36.197229"
"1145","13057","104496",728,"https://pasteur.epa.gov/uploads/10.23719/1532183/US_summary_import_factors_gloria_2022_17sch.csv","178095",NULL,False,"2025-08-11 14:01:45.654704","2025-10-30 09:57:36.197229"
"1146","13057","104497",728,"https://pasteur.epa.gov/uploads/10.23719/1532183/US_summary_import_factors_gloria_2021_17sch.csv","178082",NULL,False,"2025-08-11 14:01:45.654704","2025-10-30 09:57:36.197229"
"1147","13057","104498",728,"https://pasteur.epa.gov/uploads/10.23719/1532183/US_summary_import_factors_gloria_2020_17sch.csv","178056",NULL,False,"2025-08-11 14:01:45.654704","2025-10-30 09:57:36.197229"
"1148","13057","104499",728,"https://pasteur.epa.gov/uploads/10.23719/1532183/US_summary_import_factors_gloria_2019_17sch.csv","178042",NULL,False,"2025-08-11 14:01:45.654704","2025-10-30 09:57:36.197229"
"1149","13057","104500",728,"https://pasteur.epa.gov/uploads/10.23719/1532183/US_summary_import_factors_gloria_2018_17sch.csv","178039",NULL,False,"2025-08-11 14:01:45.654704","2025-10-30 09:57:36.197229"
"1150","13057","104503",728,"https://pasteur.epa.gov/uploads/10.23719/1532183/US_detail_import_factors_gloria_2021_17sch.csv","1252176",NULL,False,"2025-08-11 14:01:45.654704","2025-10-30 09:57:36.197229"
"1151","13057","104507",728,"https://pasteur.epa.gov/uploads/10.23719/1532183/US_detail_import_factors_gloria_2017_17sch.csv","1251856",NULL,False,"2025-08-11 14:01:45.654704","2025-10-30 09:57:36.197229"
"1152","13057","104506",728,"https://pasteur.epa.gov/uploads/10.23719/1532183/US_detail_import_factors_gloria_2018_17sch.csv","1251990",NULL,False,"2025-08-11 14:01:45.654704","2025-10-30 09:57:36.197229"
"1153","13057","104505",728,"https://pasteur.epa.gov/uploads/10.23719/1532183/US_detail_import_factors_gloria_2019_17sch.csv","1251939",NULL,False,"2025-08-11 14:01:45.654704","2025-10-30 09:57:36.197229"
"1154","13057","104504",728,"https://pasteur.epa.gov/uploads/10.23719/1532183/US_detail_import_factors_gloria_2020_17sch.csv","1251923",NULL,False,"2025-08-11 14:01:45.654704","2025-10-30 09:57:36.197229"
"1155","13269","105043",729,"https://pasteur.epa.gov/uploads/10.23719/1532242/BFB-Rainfall-Data.xlsx","866763",NULL,False,"2025-08-11 14:01:45.654704","2025-10-30 09:57:36.197229"
"1156","13269","105044",729,"https://pasteur.epa.gov/uploads/10.23719/1532242/BFB-Sci-Hub.xlsx","1794183",NULL,False,"2025-08-11 14:01:45.654704","2025-10-30 09:57:36.197229"
"1157","13065","104514",730,"https://pasteur.epa.gov/uploads/10.23719/1532247/Davenport_EPA600R22263.pdf","6937108",NULL,False,"2025-08-11 14:01:45.654704","2025-10-30 09:57:36.197229"
"1158","13065","104513",730,"https://pasteur.epa.gov/uploads/10.23719/1532247/Davenport_Summary%20of%20Results_3Apr2023.xlsx","68982",NULL,False,"2025-08-11 14:01:45.654704","2025-10-30 09:57:36.197229"
"1159","3937","24047",731,"https://waterdams.nawihub.org/files/7/cooling_data_2017.xlsx","34",NULL,False,"2025-08-11 14:01:45.654704","2025-10-30 09:57:36.197229"
"1160","3937","24045",731,"https://waterdams.nawihub.org/files/7/cooling_data_2014.xlsx","34",NULL,False,"2025-08-11 14:01:45.654704","2025-10-30 09:57:36.197229"
"1161","3937","24050",731,"https://waterdams.nawihub.org/files/7/cooling_data_2019.xlsx","34",NULL,False,"2025-08-11 14:01:45.654704","2025-10-30 09:57:36.197229"
"1162","3937","24049",731,"https://waterdams.nawihub.org/files/7/cooling_data_2018.xlsx","34",NULL,False,"2025-08-11 14:01:45.654704","2025-10-30 09:57:36.197229"
"1163","3937","24048",731,"https://waterdams.nawihub.org/files/7/cooling_data_2016.xlsx","34",NULL,False,"2025-08-11 14:01:45.654704","2025-10-30 09:57:36.197229"
"1164","3937","24046",731,"https://waterdams.nawihub.org/files/7/cooling_data_2015.xlsx","34",NULL,False,"2025-08-11 14:01:45.654704","2025-10-30 09:57:36.197229"
"1165","4105","25175",781,"https://www.eia.gov/renewable/annual/solar_photo/pdf/pv_full.pdf","-1",NULL,False,"2025-08-11 14:01:45.654704","2025-10-30 09:57:36.197229"
"1166","19795","121244",782,"https://www.healthit.gov/sites/default/files/data/datasets/Meaningful-Use-Acceleration-Scorecard.csv","110",NULL,False,"2025-08-11 14:01:45.654704","2025-10-30 09:57:36.197229"
"1167","22135","129603",785,"http://asrs.arc.nasa.gov/docs/rpsts/com_fatigue.pdf","677150",NULL,False,"2025-08-11 14:01:45.654704","2025-10-30 09:57:36.197229"
"1168","24891","133567",788,"http://nasa3d.arc.nasa.gov/shared_assets/models/canadarm/Canadarm-3DS.zip","162",NULL,False,"2025-08-11 14:01:45.654704","2025-10-30 09:57:36.197229"
"1169","38752","171449",789,"http://nasa3d.arc.nasa.gov/shared_assets/models/jwst/JWST-Maya-3D-Model.zip","162",NULL,False,"2025-08-11 14:01:45.654704","2025-10-30 09:57:36.197229"
"1170","19867","121557",790,"http://www.fda.gov/downloads/ForIndustry/DataStandards/StructuredProductLabeling/ucm241597.zip","418",NULL,False,"2025-08-11 14:01:45.654704","2025-10-30 09:57:36.197229"
"1171","22405","130021",791,"https://c3.nasa.gov/dashlink/static/media/dataset/DefectDisk-Data.tar_2.gz","16322016",NULL,False,"2025-08-11 14:01:45.654704","2025-10-30 09:57:36.197229"
"1172","22405","130022",791,"https://c3.nasa.gov/dashlink/static/media/dataset/Disk_Defect_Data_Readme_2.doc","47616",NULL,False,"2025-08-11 14:01:45.654704","2025-10-30 09:57:36.197229"
"1173","21967","128866",792,"https://c3.nasa.gov/dashlink/static/media/publication/10696.pdf","290629",NULL,False,"2025-08-11 14:01:45.654704","2025-10-30 09:57:36.197229"
"1174","21947","128797",793,"https://c3.nasa.gov/dashlink/static/media/publication/DASC-2014_Automated_Discovery_of_Flight_Track_Anomalies_Final_v2.pdf","1592662",NULL,False,"2025-08-11 14:01:45.654704","2025-10-30 09:57:36.197229"
"1207","19672","119815",807,"http://aspe.hhs.gov/health/reports/2014/MarketPlaceEnrollment/Apr2014/excel/workbook.xls","-1",NULL,False,"2025-08-11 14:01:45.654704","2025-10-30 09:57:36.197229"
"1208","19672","119816",807,"http://aspe.hhs.gov/health/reports/2014/MarketPlaceEnrollment/Apr2014/Marketplace_StateSum.cfm","-1",NULL,False,"2025-08-11 14:01:45.654704","2025-10-30 09:57:36.197229"
"1209","20090","122742",826,"http://www.accessdata.fda.gov/scripts/newpetfoodrecalls/PetFoodRecallProductsList2009.xls","0",NULL,False,"2025-08-11 14:01:45.654704","2025-10-30 09:57:36.197229"
"1210","4575","27644",827,"https://data.openei.org/files/5512/0000_Unvented_Chicago_Data%5B1%5D.xlsm","48537797",NULL,False,"2025-08-11 14:01:45.654704","2025-10-30 09:57:36.197229"
"1211","4575","27643",827,"http://www.eere.energy.gov/buildings/publications/pdfs/building_america/unvented-roofs-asphalt-shingles-cold-hothumid.pdf","-1",NULL,False,"2025-08-11 14:01:45.654704","2025-10-30 09:57:36.197229"
"1212","4575","27645",827,"https://data.openei.org/files/5512/Houston_Unvented_Data%5B1%5D.xlsx","43803329",NULL,False,"2025-08-11 14:01:45.654704","2025-10-30 09:57:36.197229"
"1213","152943","1447109",828,"http://www.fns.usda.gov/sites/default/files/pd/sfsummar.xls","425",NULL,False,"2025-08-11 14:01:45.654704","2025-10-30 09:57:36.197229"
"1214","154444","1451560",829,"http://www.fsa.usda.gov/Internet/FSA_File/2005smdyearreportxls.xls","0",NULL,False,"2025-08-11 14:01:45.654704","2025-10-30 09:57:36.197229"
"1215","154818","1452555",830,"http://www.fsa.usda.gov/Internet/FSA_File/hist_deltyp1.xls","0",NULL,False,"2025-08-11 14:01:45.654704","2025-10-30 09:57:36.197229"
"1216","21961","128856",831,"https://c3.nasa.gov/dashlink/static/media/dataset/Tail_687_3.zip","836679202",NULL,False,"2025-08-11 14:01:45.654704","2025-10-30 09:57:36.197229"
"1217","21961","128854",831,"https://c3.nasa.gov/dashlink/static/media/dataset/Tail_687_1.zip","837837074",NULL,False,"2025-08-11 14:01:45.654704","2025-10-30 09:57:36.197229"
"1218","21961","128860",831,"https://c3.nasa.gov/dashlink/static/media/dataset/Tail_687_7.zip","838512845",NULL,False,"2025-08-11 14:01:45.654704","2025-10-30 09:57:36.197229"
"1219","21961","128859",831,"https://c3.nasa.gov/dashlink/static/media/dataset/Tail_687_6.zip","838845723",NULL,False,"2025-08-11 14:01:45.654704","2025-10-30 09:57:36.197229"
"1220","21961","128861",831,"https://c3.nasa.gov/dashlink/static/media/dataset/Tail_687_8.zip","837830084",NULL,False,"2025-08-11 14:01:45.654704","2025-10-30 09:57:36.197229"
"1221","21961","128862",831,"https://c3.nasa.gov/dashlink/static/media/dataset/Tail_687_9.zip","454583276",NULL,False,"2025-08-11 14:01:45.654704","2025-10-30 09:57:36.197229"
"1222","21961","128858",831,"https://c3.nasa.gov/dashlink/static/media/dataset/Tail_687_5.zip","837762029",NULL,False,"2025-08-11 14:01:45.654704","2025-10-30 09:57:36.197229"
"1223","21961","128857",831,"https://c3.nasa.gov/dashlink/static/media/dataset/Tail_687_4.zip","838128255",NULL,False,"2025-08-11 14:01:45.654704","2025-10-30 09:57:36.197229"
"1224","21961","128855",831,"https://c3.nasa.gov/dashlink/static/media/dataset/Tail_687_2.zip","837334163",NULL,False,"2025-08-11 14:01:45.654704","2025-10-30 09:57:36.197229"
"1225","26786","138868",832,"https://c3.nasa.gov/dashlink/static/media/publication/Chapter_OVG_V5.1_2.pdf","2796797",NULL,False,"2025-08-11 14:01:45.654704","2025-10-30 09:57:36.197229"
"1298","19699","119906",852,"https://data.cms.gov/sites/default/files/2023-11/a726d34f-e277-41a3-9f0f-c2b3f58f60fc/SPUF_2020_20200605.zip","2420018421",NULL,False,"2025-08-11 14:01:45.654704","2025-10-30 09:57:36.197229"
"1299","19699","119887",852,"https://data.cms.gov/sites/default/files/2025-04/f868af60-dc78-4e9f-982c-31f53c1ad6a6/SPUF_2025_20250410.zip","2657077402",NULL,False,"2025-08-11 14:01:45.654704","2025-10-30 09:57:36.197229"
"1300","19699","119888",852,"https://data.cms.gov/sites/default/files/2025-01/e78ce888-f571-4d86-baf0-7a1f9efffff4/SPUF_2025_20250109.zip","2644373865",NULL,False,"2025-08-11 14:01:45.654704","2025-10-30 09:57:36.197229"
"1301","19699","119889",852,"https://data.cms.gov/sites/default/files/2025-05/e015bae0-4b23-455d-8243-65aef830ab3c/SPUF_2024_20250430_2024Q3.zip","2829748748",NULL,False,"2025-08-11 14:01:45.654704","2025-10-30 09:57:36.197229"
"1302","19699","119890",852,"https://data.cms.gov/sites/default/files/2025-04/bfb248f9-ef09-4e80-9ba5-4ff6e39fa037/SPUF_2024_20250331_2024Q2.zip","2848321293",NULL,False,"2025-08-11 14:01:45.654704","2025-10-30 09:57:36.197229"
"1303","19699","119891",852,"https://data.cms.gov/sites/default/files/2025-04/09f4af93-d0b0-477c-99dc-c9a253d791c7/SPUF_2024_20250331_2024Q1.zip","2858426108",NULL,False,"2025-08-11 14:01:45.654704","2025-10-30 09:57:36.197229"
"1304","19699","119892",852,"https://data.cms.gov/sites/default/files/2025-01/1fc9b722-db45-4925-96c0-1bde30a2ae0f/SPUF_2024_20250131_2023q4.zip","2860088915",NULL,False,"2025-08-11 14:01:45.654704","2025-10-30 09:57:36.197229"
"1305","19699","119893",852,"https://data.cms.gov/sites/default/files/2023-10/d4409666-b539-45f9-80e4-7dbfbbdd8647/SPUF_2023_20230908.zip","3003379350",NULL,False,"2025-08-11 14:01:45.654704","2025-10-30 09:57:36.197229"
"1306","19699","119894",852,"https://data.cms.gov/sites/default/files/2023-11/04be6f2c-0db3-462e-8406-7d4285f81c78/SPUF_2023_20230602.zip","3004712860",NULL,False,"2025-08-11 14:01:45.654704","2025-10-30 09:57:36.197229"
"1307","19699","119895",852,"https://data.cms.gov/sites/default/files/2023-11/d83b7a01-221a-436a-bf0f-233f1fe59a76/SPUF_2023_20230310.zip","3008166993",NULL,False,"2025-08-11 14:01:45.654704","2025-10-30 09:57:36.197229"
"1308","19699","119896",852,"https://data.cms.gov/sites/default/files/2023-11/3d945d0b-d8c3-4d13-b22f-175409cb5637/SPUF_2023_20221202.zip","2993732728",NULL,False,"2025-08-11 14:01:45.654704","2025-10-30 09:57:36.197229"
"1309","19699","119897",852,"https://data.cms.gov/sites/default/files/2023-11/ff4b27e3-e375-4853-b926-20e3519f2d02/SPUF_2022_20220909.zip","2852903055",NULL,False,"2025-08-11 14:01:45.654704","2025-10-30 09:57:36.197229"
"1310","19699","119898",852,"https://data.cms.gov/sites/default/files/2023-11/288ea007-4e9f-4cd3-a138-1591b9540f52/SPUF_2022_20220603.zip","2854254251",NULL,False,"2025-08-11 14:01:45.654704","2025-10-30 09:57:36.197229"
"1311","19699","119899",852,"https://data.cms.gov/sites/default/files/2023-11/f0c81466-a928-4618-904e-9828e843f970/SPUF_2022_20220311.zip","2852725977",NULL,False,"2025-08-11 14:01:45.654704","2025-10-30 09:57:36.197229"
"1312","19699","119900",852,"https://data.cms.gov/sites/default/files/2023-11/299daa79-cf13-49f5-95d0-5b653531620e/SPUF_2022_20211203.zip","2849335004",NULL,False,"2025-08-11 14:01:45.654704","2025-10-30 09:57:36.197229"
"1313","19699","119901",852,"https://data.cms.gov/sites/default/files/2023-11/10ee59e8-8b96-4607-96fe-c65c943c685a/SPUF_2021_20210910.zip","2770050027",NULL,False,"2025-08-11 14:01:45.654704","2025-10-30 09:57:36.197229"
"1314","19699","119911",852,"https://data.cms.gov/sites/default/files/2023-11/ee424519-cbdf-4c50-b180-0b9497a50641/SPUF_2019_20190227.zip","2591511381",NULL,False,"2025-08-11 14:01:45.654704","2025-10-30 09:57:36.197229"
"1315","19699","119910",852,"https://data.cms.gov/sites/default/files/2023-11/a1286701-8c9b-408d-91b5-140b9aceb666/SPUF_2019_20190605.zip","2593708290",NULL,False,"2025-08-11 14:01:45.654704","2025-10-30 09:57:36.197229"
"1316","19699","119909",852,"https://data.cms.gov/sites/default/files/2023-11/24297f86-31e1-4235-b1ac-2ecbc974ff7c/SPUF_2019_20190828.zip","2921360281",NULL,False,"2025-08-11 14:01:45.654704","2025-10-30 09:57:36.197229"
"1317","19699","119908",852,"https://data.cms.gov/sites/default/files/2023-11/9a86dccd-f839-48d3-85fc-cbcda6be97f3/SPUF_2020_20191206.zip","2665255695",NULL,False,"2025-08-11 14:01:45.654704","2025-10-30 09:57:36.197229"
"1318","19699","119907",852,"https://data.cms.gov/sites/default/files/2023-11/918dad58-7e10-4472-8c5c-cecf4c2bd8bb/SPUF_2020_20200228.zip","2417632540",NULL,False,"2025-08-11 14:01:45.654704","2025-10-30 09:57:36.197229"
"1319","19699","119902",852,"https://data.cms.gov/sites/default/files/2023-11/699bf435-1dee-4c00-b5a6-61b5fd63d773/SPUF_2021_20210604.zip","2767276994",NULL,False,"2025-08-11 14:01:45.654704","2025-10-30 09:57:36.197229"
"1320","19699","119903",852,"https://data.cms.gov/sites/default/files/2023-11/2b74bb8d-73f3-464d-80ee-22d10c10a4ad/SPUF_2021_20210226.zip","2775362210",NULL,False,"2025-08-11 14:01:45.654704","2025-10-30 09:57:36.197229"
"1321","19699","119904",852,"https://data.cms.gov/sites/default/files/2023-11/b0a1128b-d032-4b79-8714-9126390b23b9/SPUF_2021_20201204.zip","2718336174",NULL,False,"2025-08-11 14:01:45.654704","2025-10-30 09:57:36.197229"
"1322","19699","119905",852,"https://data.cms.gov/sites/default/files/2023-11/1f9bd73c-58af-492b-b10b-ec6c272adc7c/SPUF_2020_20200911.zip","2468046156",NULL,False,"2025-08-11 14:01:45.654704","2025-10-30 09:57:36.197229"
"1323","4236","25892",853,"https://data.nrel.gov/system/files/204/frequencyrun_dec9_2022.csv","6818",NULL,False,"2025-08-11 14:01:45.654704","2025-10-30 09:57:36.197229"
"1324","4236","25891",853,"https://data.nrel.gov/system/files/204/volatgerun_dec9_2022.csv","6802",NULL,False,"2025-08-11 14:01:45.654704","2025-10-30 09:57:36.197229"
"1373","19662","119773",867,"https://download.medicaid.gov/data/medicaid-report-wide-january-2024-release.xlsx","20",NULL,False,"2025-08-11 14:01:45.654704","2025-10-30 09:57:36.197229"
"1374","19662","119772",867,"https://download.medicaid.gov/data/medicaid-report-wide-february-2024-release.xlsx","20",NULL,False,"2025-08-11 14:01:45.654704","2025-10-30 09:57:36.197229"
"1375","19662","119771",867,"https://download.medicaid.gov/data/medicaid-report-wide-march-2024-release.xlsx","20",NULL,False,"2025-08-11 14:01:45.654704","2025-10-30 09:57:36.197229"
"1376","19662","119770",867,"https://download.medicaid.gov/data/medicaid-report-wide-april-2024-release.xlsx","20",NULL,False,"2025-08-11 14:01:45.654704","2025-10-30 09:57:36.197229"
"1377","19662","119775",867,"https://download.medicaid.gov/data/medicaid-report-wide-nov-release.xlsx","20",NULL,False,"2025-08-11 14:01:45.654704","2025-10-30 09:57:36.197229"
"1378","19662","119776",867,"https://download.medicaid.gov/data/medicaid-report-wide-oct-release.xlsx","20",NULL,False,"2025-08-11 14:01:45.654704","2025-10-30 09:57:36.197229"
"1379","19662","119777",867,"https://download.medicaid.gov/data/medicaid-report-wide-sep-release_508.xlsx","20",NULL,False,"2025-08-11 14:01:45.654704","2025-10-30 09:57:36.197229"
"1380","19662","119778",867,"https://download.medicaid.gov/data/medicaid-report-wide-august-release-508.xlsx","20",NULL,False,"2025-08-11 14:01:45.654704","2025-10-30 09:57:36.197229"
"1381","19662","119766",867,"https://download.medicaid.gov/data/medicaid-report-wide-august-2024-release.xlsx","20",NULL,False,"2025-08-11 14:01:45.654704","2025-10-30 09:57:36.197229"
"1382","19662","119765",867,"https://download.medicaid.gov/data/medicaid-report-wide-september-2024-release.xlsx","20",NULL,False,"2025-08-11 14:01:45.654704","2025-10-30 09:57:36.197229"
"1383","19662","119779",867,"https://download.medicaid.gov/data/medicaid-report-wide-july-release.xlsx","20",NULL,False,"2025-08-11 14:01:45.654704","2025-10-30 09:57:36.197229"
"1384","19662","119767",867,"https://download.medicaid.gov/data/medicaid-report-wide-july-2024-release.xlsx","20",NULL,False,"2025-08-11 14:01:45.654704","2025-10-30 09:57:36.197229"
"1385","19662","119764",867,"https://download.medicaid.gov/data/medicaid-report-wide-oct-release_508.xlsx","20",NULL,False,"2025-08-11 14:01:45.654704","2025-10-30 09:57:36.197229"
"1386","19662","119763",867,"https://download.medicaid.gov/data/medicaid-chip-caa-reporting-metrics-long-table-october-2024-release.csv","20",NULL,False,"2025-08-11 14:01:45.654704","2025-10-30 09:57:36.197229"
"1387","19662","119769",867,"https://download.medicaid.gov/data/medicaid-report-wide-may-2024-release.xlsx","20",NULL,False,"2025-08-11 14:01:45.654704","2025-10-30 09:57:36.197229"
"1388","19662","119768",867,"https://download.medicaid.gov/data/medicaid-report-wide-jun-2024-release.xlsx","20",NULL,False,"2025-08-11 14:01:45.654704","2025-10-30 09:57:36.197229"
"1389","19662","119774",867,"https://download.medicaid.gov/data/medicaid-report-wide-dec-release.xlsx","20",NULL,False,"2025-08-11 14:01:45.654704","2025-10-30 09:57:36.197229"
"1390","13151","104767",868,"https://pasteur.epa.gov/uploads/10.23719/1364346/A-vq8t.zip","147561614",NULL,False,"2025-08-11 14:01:45.654704","2025-10-30 09:57:36.197229"
"1391","13212","104921",870,"https://pasteur.epa.gov/uploads/10.23719/1528641/SciHub_DataEntry.xlsx","74344",NULL,False,"2025-08-11 14:01:45.654704","2025-10-30 09:57:36.197229"
"1392","14782","108423",871,"https://pasteur.epa.gov/uploads/10.23719/1529399/TSA.xlsx","15308",NULL,False,"2025-08-11 14:01:45.654704","2025-10-30 09:57:36.197229"
"1393","14782","108424",871,"https://pasteur.epa.gov/uploads/10.23719/1529399/MP%20water%20coral%20USVI%20FLK.xlsx","40166",NULL,False,"2025-08-11 14:01:45.654704","2025-10-30 09:57:36.197229"
"1394","13064","104512",872,"https://pasteur.epa.gov/uploads/10.23719/1531867/SENTINEL_MacDonaldEtAl_Data.xlsx","19902132",NULL,False,"2025-08-11 14:01:45.654704","2025-10-30 09:57:36.197229"
"1395","153586","1449247",873,"https://static-content.springer.com/esm/art%3A10.1007%2Fs11104-017-3299-5/MediaObjects/11104_2017_3299_MOESM1_ESM.docx","137735",NULL,False,"2025-08-11 14:01:45.654704","2025-10-30 09:57:36.197229"
"1396","154627","1452022",883,"http://www.ams.usda.gov/sites/default/files/media/GTRTable7.xlsx","0",NULL,False,"2025-08-11 14:01:45.654704","2025-10-30 09:57:36.197229"
"1397","153603","1449316",884,"http://www.fns.usda.gov/sites/default/files/ICF-IHC-Final-Report-0714.pdf","453",NULL,False,"2025-08-11 14:01:45.654704","2025-10-30 09:57:36.197229"
"1398","22111","129499",914,"https://c3.nasa.gov/dashlink/static/media/publication/2008AAAI_Mengshoel_DiagnosingFaultsElectricalPowerSystems.pdf","703593",NULL,False,"2025-08-11 14:01:45.654704","2025-10-30 09:57:36.197229"
"1399","25323","136224",915,"https://c3.nasa.gov/dashlink/static/media/publication/Infotech_paper_4.pdf","1223355",NULL,False,"2025-08-11 14:01:45.654704","2025-10-30 09:57:36.197229"
"1400","21981","128918",916,"https://c3.nasa.gov/dashlink/static/media/publication/classification-chapter.pdf","739657",NULL,False,"2025-08-11 14:01:45.654704","2025-10-30 09:57:36.197229"
"1437","3978","24211",926,"https://data.nrel.gov/system/files/121/Rooftop_PV_Technical_Potential.xlsx","6898",NULL,False,"2025-08-11 14:01:45.654704","2025-10-30 09:57:36.197229"
"1438","3978","24215",926,"https://data.nrel.gov/system/files/121/raster_domains.zip","6762",NULL,False,"2025-08-11 14:01:45.654704","2025-10-30 09:57:36.197229"
"1439","3978","24214",926,"https://data.nrel.gov/system/files/121/small_suitability.zip","6786",NULL,False,"2025-08-11 14:01:45.654704","2025-10-30 09:57:36.197229"
"1440","3978","24213",926,"https://www.nrel.gov/docs/fy16osti/65298.pdf","5457286",NULL,False,"2025-08-11 14:01:45.654704","2025-10-30 09:57:36.197229"
"1441","3978","24212",926,"https://data.nrel.gov/system/files/121/zips_summary.zip","6746",NULL,False,"2025-08-11 14:01:45.654704","2025-10-30 09:57:36.197229"
"1442","7213","36436",927,"https://data.nrel.gov/system/files/289/1744314776-Cambium24_Workbook.xlsx","6838",NULL,False,"2025-08-11 14:01:45.654704","2025-10-30 09:57:36.197229"
"1443","7213","36437",927,"https://data.nrel.gov/system/files/289/1744314776-gea_shapefiles.zip","6798",NULL,False,"2025-08-11 14:01:45.654704","2025-10-30 09:57:36.197229"
"1444","7092","35887",940,"https://data.openei.org/files/6139/ops_road_map.png","15294507",NULL,False,"2025-08-11 14:01:45.654704","2025-10-30 09:57:36.197229"
"1445","7092","35884",940,"https://data.openei.org/files/6139/setbacks_road_reference%20%283%29.tif","183737389",NULL,False,"2025-08-11 14:01:45.654704","2025-10-30 09:57:36.197229"
"1446","7092","35885",940,"https://www.nrel.gov/docs/fy24osti/87843.pdf","2779977",NULL,False,"2025-08-11 14:01:45.654704","2025-10-30 09:57:36.197229"
"1447","7092","35883",940,"https://data.openei.org/files/6139/setbacks_road_reference_map%20%281%29.png","44981261",NULL,False,"2025-08-11 14:01:45.654704","2025-10-30 09:57:36.197229"
"1448","7092","35886",940,"https://data.openei.org/files/6139/ops_road.tif","9767497",NULL,False,"2025-08-11 14:01:45.654704","2025-10-30 09:57:36.197229"
"1449","60211","399409",946,"ftp://ftp.soest.hawaii.edu/pibhmc/website/data/cnmi-guam/bathymetry/FDM_5m_Bathymetry.zip","25765162",NULL,False,"2025-08-11 14:01:45.654704","2025-10-30 09:57:36.197229"
"1450","22387","129962",947,"http://asrs.arc.nasa.gov/docs/rpsts/nmac.pdf","632263",NULL,False,"2025-08-11 14:01:45.654704","2025-10-30 09:57:36.197229"
"1451","23192","131249",957,"http://nasa3d.arc.nasa.gov/shared_assets/models/cassini-assy/Cassini-assy.3ds.zip","162",NULL,False,"2025-08-11 14:01:45.654704","2025-10-30 09:57:36.197229"
"1452","21925","128710",958,"http://nasa3d.arc.nasa.gov/shared_assets/models/lunarlandernofoil-c/lunarlandernofoil-c.zip","162",NULL,False,"2025-08-11 14:01:45.654704","2025-10-30 09:57:36.197229"
"1453","24820","133362",959,"http://nasa3d.arc.nasa.gov/shared_assets/models/ostm-jason-2/OSTM-Jason-2.fbx.zip","162",NULL,False,"2025-08-11 14:01:45.654704","2025-10-30 09:57:36.197229"
"1454","39073","174592",960,"http://spaceflight.nasa.gov/spacenews/factsheets/pdfs/EVACron.pdf","167",NULL,False,"2025-08-11 14:01:45.654704","2025-10-30 09:57:36.197229"
"1455","21493","127029",961,"http://www.accessdata.fda.gov/scripts/HVPCP/HydrolyzedVegetableProteinProductsList2010.xml","0",NULL,False,"2025-08-11 14:01:45.654704","2025-10-30 09:57:36.197229"
"1456","154856","1452868",962,"http://www.ams.usda.gov/sites/default/files/media/BrazilSoybeanTable1.xlsx","0",NULL,False,"2025-08-11 14:01:45.654704","2025-10-30 09:57:36.197229"
"1457","153172","1447873",963,"http://www.ams.usda.gov/sites/default/files/media/GTRTable12.xlsx","0",NULL,False,"2025-08-11 14:01:45.654704","2025-10-30 09:57:36.197229"
"1458","152984","1447298",964,"http://www.ams.usda.gov/sites/default/files/media/GTRTable3.xlsx","0",NULL,False,"2025-08-11 14:01:45.654704","2025-10-30 09:57:36.197229"
"1459","155089","1454052",965,"http://www.fns.usda.gov/sites/default/files/Reaching2011.pdf","422",NULL,False,"2025-08-11 14:01:45.654704","2025-10-30 09:57:36.197229"
"1460","152872","1446872",966,"http://www.fns.usda.gov/sites/default/files/pd/cncost.xls","425",NULL,False,"2025-08-11 14:01:45.654704","2025-10-30 09:57:36.197229"
"1461","22003","129039",967,"http://www.nasa.gov/centers/goddard/pdf/450420main_NASA_Case_Study_Catalog.pdf","162",NULL,False,"2025-08-11 14:01:45.654704","2025-10-30 09:57:36.197229"
"1462","22054","129286",969,"https://c3.nasa.gov/dashlink/static/media/algorithm/MTS_Search.zip","2006407",NULL,False,"2025-08-11 14:01:45.654704","2025-10-30 09:57:36.197229"
"1463","22414","130058",970,"https://c3.nasa.gov/dashlink/static/media/publication/2007_Autotestcon_BHM.pdf","325322",NULL,False,"2025-08-11 14:01:45.654704","2025-10-30 09:57:36.197229"
"1464","23043","130552",971,"https://c3.nasa.gov/dashlink/static/media/publication/JANNAF_SRM_2008.pdf","121705",NULL,False,"2025-08-11 14:01:45.654704","2025-10-30 09:57:36.197229"
"1465","22396","129989",972,"https://c3.nasa.gov/dashlink/static/media/publication/fp723-Das.pdf","905479",NULL,False,"2025-08-11 14:01:45.654704","2025-10-30 09:57:36.197229"
"1466","148349","1430923",973,"https://cdn.coastalscience.noaa.gov/datasets/e99/PDFmaps/46_Farallon_dePajaros_zone.pdf","531126",NULL,False,"2025-08-11 14:01:45.654704","2025-10-30 09:57:36.197229"
"1467","148349","1430922",973,"https://cdn.coastalscience.noaa.gov/datasets/e99/PDFmaps/46_Farallon_dePajaros_cover.pdf","63313",NULL,False,"2025-08-11 14:01:45.654704","2025-10-30 09:57:36.197229"
"1468","148349","1430921",973,"https://cdn.coastalscience.noaa.gov/datasets/e99/PDFmaps/46_Farallon_dePajaros_structure.pdf","634461",NULL,False,"2025-08-11 14:01:45.654704","2025-10-30 09:57:36.197229"
"1565","4040","24623",1000,"https://data.nrel.gov/system/files/128/project_resstock_2012amy.zip","6834",NULL,False,"2025-08-11 14:01:45.654704","2025-10-30 09:57:36.197229"
"1566","4040","24637",1000,"https://data.nrel.gov/system/files/128/ResStock_TMY3.zip","6746",NULL,False,"2025-08-11 14:01:45.654704","2025-10-30 09:57:36.197229"
"1567","4040","24636",1000,"https://data.nrel.gov/system/files/128/tmy3s-cache.zip","6738",NULL,False,"2025-08-11 14:01:45.654704","2025-10-30 09:57:36.197229"
"1568","4040","24635",1000,"https://data.nrel.gov/system/files/128/tmy3s-cache-csv.zip","6762",NULL,False,"2025-08-11 14:01:45.654704","2025-10-30 09:57:36.197229"
"1569","4040","24634",1000,"https://data.nrel.gov/system/files/128/openstudio-eri-tmy3s.zip","6810",NULL,False,"2025-08-11 14:01:45.654704","2025-10-30 09:57:36.197229"
"1570","4040","24633",1000,"https://data.nrel.gov/system/files/128/openstudio-eri-tmy3s-cache.zip","6858",NULL,False,"2025-08-11 14:01:45.654704","2025-10-30 09:57:36.197229"
"1571","4040","24632",1000,"https://data.nrel.gov/system/files/128/project_resstock_national.zip","6842",NULL,False,"2025-08-11 14:01:45.654704","2025-10-30 09:57:36.197229"
"1572","4040","24631",1000,"https://data.nrel.gov/system/files/128/smartds_20180823_2012_hourly.zip","6866",NULL,False,"2025-08-11 14:01:45.654704","2025-10-30 09:57:36.197229"
"1573","4040","24630",1000,"https://data.nrel.gov/system/files/128/project_resstock_guilfordnc_2012.zip","6898",NULL,False,"2025-08-11 14:01:45.654704","2025-10-30 09:57:36.197229"
"1574","4040","24629",1000,"https://data.nrel.gov/system/files/128/smartds_20180811_2012_hourly.zip","6874",NULL,False,"2025-08-11 14:01:45.654704","2025-10-30 09:57:36.197229"
"1575","4040","24628",1000,"https://data.nrel.gov/system/files/128/project_resstock_efs.zip","6802",NULL,False,"2025-08-11 14:01:45.654704","2025-10-30 09:57:36.197229"
"1576","4040","24626",1000,"https://data.nrel.gov/system/files/128/project_resstock_efs_2013.zip","6842",NULL,False,"2025-08-11 14:01:45.654704","2025-10-30 09:57:36.197229"
"1577","4040","24625",1000,"https://data.nrel.gov/system/files/128/project_resstock_pnw.zip","6810",NULL,False,"2025-08-11 14:01:45.654704","2025-10-30 09:57:36.197229"
"1578","4040","24624",1000,"https://data.nrel.gov/system/files/128/project_resstock_efs_2012.zip","6850",NULL,False,"2025-08-11 14:01:45.654704","2025-10-30 09:57:36.197229"
"1579","4040","24622",1000,"https://data.nrel.gov/system/files/128/project_resstock_efs_2014.zip","6850",NULL,False,"2025-08-11 14:01:45.654704","2025-10-30 09:57:36.197229"
"1580","4040","24621",1000,"https://data.nrel.gov/system/files/128/NE_Weather_2018.zip","6770",NULL,False,"2025-08-11 14:01:45.654704","2025-10-30 09:57:36.197229"
"1581","4040","24620",1000,"https://data.nrel.gov/system/files/128/la100_v3_2012_hourly.zip","6802",NULL,False,"2025-08-11 14:01:45.654704","2025-10-30 09:57:36.197229"
"1582","4040","24619",1000,"https://data.nrel.gov/system/files/128/project_resstock_comed_2013.zip","6866",NULL,False,"2025-08-11 14:01:45.654704","2025-10-30 09:57:36.197229"
"1583","4040","24618",1000,"https://data.nrel.gov/system/files/128/project_resstock_comed_2012.zip","6866",NULL,False,"2025-08-11 14:01:45.654704","2025-10-30 09:57:36.197229"
"1584","4040","24617",1000,"https://data.nrel.gov/system/files/128/project_resstock_comed_2011.zip","6858",NULL,False,"2025-08-11 14:01:45.654704","2025-10-30 09:57:36.197229"
"1585","4040","24616",1000,"https://data.nrel.gov/system/files/128/project_resstock_austin_2015_nsrdb_elements.zip","6994",NULL,False,"2025-08-11 14:01:45.654704","2025-10-30 09:57:36.197229"
"1586","4040","24615",1000,"https://data.nrel.gov/system/files/128/project_resstock_austin_2015_test.zip","6906",NULL,False,"2025-08-11 14:01:45.654704","2025-10-30 09:57:36.197229"
"1587","4040","24627",1000,"https://data.nrel.gov/system/files/128/project_resstock_testing.zip","6834",NULL,False,"2025-08-11 14:01:45.654704","2025-10-30 09:57:36.197229"
"1588","3940","24066",1001,"https://data.nrel.gov/system/files/282/1736313668-transit_BEB_depot_load_profiles_01-2025.zip","7006",NULL,False,"2025-08-11 14:01:45.654704","2025-10-30 09:57:36.197229"
"1589","3940","24067",1001,"https://data.nrel.gov/system/files/282/1737051261-dictionary_NREL_transit_BEB_depot_load_profiles.xlsx","7078",NULL,False,"2025-08-11 14:01:45.654704","2025-10-30 09:57:36.197229"
"1590","3957","24131",1002,"https://data.nrel.gov/system/files/43/solarghi.zip","6710",NULL,False,"2025-08-11 14:01:45.654704","2025-10-30 09:57:36.197229"
"1591","3957","24130",1002,"https://data.nrel.gov/system/files/43/solardni.zip","6702",NULL,False,"2025-08-11 14:01:45.654704","2025-10-30 09:57:36.197229"
"1592","3957","24132",1002,"https://data.nrel.gov/system/files/43/indiansolarresourcesdisclaimer.txt","6886",NULL,False,"2025-08-11 14:01:45.654704","2025-10-30 09:57:36.197229"
"1593","4743","28744",1003,"https://www.nrel.gov/docs/fy09osti/46547.pdf","2375460",NULL,False,"2025-08-11 14:01:45.654704","2025-10-30 09:57:36.197229"
"1594","4743","28742",1003,"https://data.openei.org/files/139/rabhutanglobalhorizontalirradiance.zip","98097",NULL,False,"2025-08-11 14:01:45.654704","2025-10-30 09:57:36.197229"
"1595","4743","28741",1003,"https://data.openei.org/files/139/rabhutandirectnormalirradiance.zip","98370",NULL,False,"2025-08-11 14:01:45.654704","2025-10-30 09:57:36.197229"
"1596","4743","28743",1003,"https://data.openei.org/files/139/rabhutanlatitudetiltirradiance.zip","96641",NULL,False,"2025-08-11 14:01:45.654704","2025-10-30 09:57:36.197229"
"1597","4033","24563",1005,"https://data.openei.org/files/6457/Wind_Sound_Setbacks_110hh_130rd_Existing_Ordinance_Worst_Scenario_Map.png","31442306",NULL,False,"2025-08-11 14:01:45.654704","2025-10-30 09:57:36.197229"
"1598","4033","24571",1005,"https://data.openei.org/files/6457/Reference%20Access%20110hh%20130rd%20Worst%20Scenario%20Extrapolated%20Ordinance%20Supply%20Curves.zip","12244508",NULL,False,"2025-08-11 14:01:45.654704","2025-10-30 09:57:36.197229"
"1599","4033","24572",1005,"https://data.openei.org/files/6457/Open%20Access%20110hh%20130rd%20Worst%20Scenario%20Extrapolated%20Ordinance%20Supply%20Curves.zip","13564496",NULL,False,"2025-08-11 14:01:45.654704","2025-10-30 09:57:36.197229"
"1600","4033","24573",1005,"https://data.openei.org/files/6457/Directional%20Scenario%20Wind%20Sound%20Setbacks%20110hh%20130rd%20Extrapolated%20Ordinance%20TIF%20Files.zip","765683345",NULL,False,"2025-08-11 14:01:45.654704","2025-10-30 09:57:36.197229"
"1601","4033","24574",1005,"https://data.openei.org/files/6457/Worst%20Scenario%20Wind%20Sound%20Setbacks%20110hh%20130rd%20Extrapolated%20Ordinance%20TIF%20Files.zip","706185623",NULL,False,"2025-08-11 14:01:45.654704","2025-10-30 09:57:36.197229"
"1602","4033","24569",1005,"https://data.openei.org/files/6457/Open%20Access%20110hh%20130rd%20Directional%20Scenario%20Extrapolated%20Ordinance%20Supply%20Curves.zip","13763472",NULL,False,"2025-08-11 14:01:45.654704","2025-10-30 09:57:36.197229"
"1603","4033","24568",1005,"https://data.openei.org/files/6457/Wind_Sound_Setbacks_110hh_130rd_Extrapolated_Ordinance_60dBA_Worst_Scenario_Map.png","74281092",NULL,False,"2025-08-11 14:01:45.654704","2025-10-30 09:57:36.197229"
"1604","4033","24567",1005,"https://data.openei.org/files/6457/Wind_Sound_Setbacks_110hh_130rd_Existing_Ordinances_Directional_Scenario.tif","71656745",NULL,False,"2025-08-11 14:01:45.654704","2025-10-30 09:57:36.197229"
"1605","4033","24557",1005,"https://data.openei.org/files/6457/Open_Access_110hh_130rd_Worst_Scenario_Existing_Ordinances_Supply_Curve.csv","6676746",NULL,False,"2025-08-11 14:01:45.654704","2025-10-30 09:57:36.197229"
"1606","4033","24566",1005,"https://data.openei.org/files/6457/Wind_Sound_Setbacks_110hh_130rd_Existing_Ordinances_Worst_Scenario.tif","68015270",NULL,False,"2025-08-11 14:01:45.654704","2025-10-30 09:57:36.197229"
"1607","4033","24558",1005,"https://data.openei.org/files/6457/Open_Access_110hh_130rd_Directional_Scenario_Existing_Ordinances_Supply_Curve.csv","6699262",NULL,False,"2025-08-11 14:01:45.654704","2025-10-30 09:57:36.197229"
"1608","4033","24565",1005,"https://data.openei.org/files/6457/Wind_Sound_Setbacks_110hh_130rd_Extrapolated_Ordinance_45dBA_Worst_Scenario_Map.png","57624219",NULL,False,"2025-08-11 14:01:45.654704","2025-10-30 09:57:36.197229"
"1609","4033","24559",1005,"https://data.openei.org/files/6457/Open_Access_110hh_130rd_Baseline_Supply_Curve.csv","6796311",NULL,False,"2025-08-11 14:01:45.654704","2025-10-30 09:57:36.197229"
"1610","4033","24570",1005,"https://data.openei.org/files/6457/Reference%20Access%20110hh%20130rd%20Directional%20Scenario%20Extrapolated%20Ordinance%20Supply%20Curves.zip","12435948",NULL,False,"2025-08-11 14:01:45.654704","2025-10-30 09:57:36.197229"
"1611","4033","24560",1005,"https://data.openei.org/files/6457/Reference_Access_110hh_130rd_Worst_Scenario_Existing_Ordinances_Supply_Curve.csv","6107897",NULL,False,"2025-08-11 14:01:45.654704","2025-10-30 09:57:36.197229"
"1612","4033","24561",1005,"https://data.openei.org/files/6457/Reference_Access_110hh_130rd_Directional_Scenario_Existing_Ordinances_Supply_Curve.csv","6133971",NULL,False,"2025-08-11 14:01:45.654704","2025-10-30 09:57:36.197229"
"1613","4033","24562",1005,"https://data.openei.org/files/6457/Reference_Access_110hh_130rd_Baseline_Supply_Curve.csv","6253938",NULL,False,"2025-08-11 14:01:45.654704","2025-10-30 09:57:36.197229"
"1614","4033","24564",1005,"https://data.openei.org/files/6457/Wind_Sound_Setbacks_110hh_130rd_Extrapolated_Ordinance_35dBA_Worst_Scenario_Map.png","43625332",NULL,False,"2025-08-11 14:01:45.654704","2025-10-30 09:57:36.197229"
"1615","3894","23753",1007,"https://data.openei.org/files/910/Data%20Sets%20for%20AFDD%20Evauluation%20of%20Building%20FDD%20Algorithms.zip","7010416",NULL,False,"2025-08-11 14:01:45.654704","2025-10-30 09:57:36.197229"
"1616","3894","23752",1007,"https://data.openei.org/files/910/lbnldatasynthesisinventory.pdf","1222383",NULL,False,"2025-08-11 14:01:45.654704","2025-10-30 09:57:36.197229"
"1693","19809","121313",1033,"https://download.medicaid.gov/data/coreset-viz/3.3.5/20250110/version.csv","20",NULL,False,"2025-08-11 14:01:45.654704","2025-10-30 09:57:36.197229"
"1694","19951","122269",1034,"https://download.medicaid.gov/data/disproportionate-share-hospital-dsh-payments-annual-reporting-requirements.88ti-fz9c.csv","20",NULL,False,"2025-08-11 14:01:45.654704","2025-10-30 09:57:36.197229"
"1695","19632","119553",1035,"https://download.medicaid.gov/data/mdrp-newly-rprt-drug-04-21-2025-to-04-27-2025.csv","20",NULL,False,"2025-08-11 14:01:45.654704","2025-10-30 09:57:36.197229"
"1696","19873","121580",1036,"https://download.medicaid.gov/data/mdrp-newly-rprt-drug-05-05-2025-to-05-11-2025.csv","20",NULL,False,"2025-08-11 14:01:45.654704","2025-10-30 09:57:36.197229"
"1697","19840","121426",1037,"https://download.medicaid.gov/data/mdrp-newly-rprt-drug-05-12-2025-to-05-18-2025.csv","20",NULL,False,"2025-08-11 14:01:45.654704","2025-10-30 09:57:36.197229"
"1698","19901","121867",1038,"https://download.medicaid.gov/data/mdrp-newly-rprt-drug-05-19-2025-to-05-25-2025.csv","20",NULL,False,"2025-08-11 14:01:45.654704","2025-10-30 09:57:36.197229"
"1699","20047","122607",1039,"https://download.medicaid.gov/data/medicaid-and-chip-eligibility-levels.xy8t-auhk.csv","20",NULL,False,"2025-08-11 14:01:45.654704","2025-10-30 09:57:36.197229"
"1700","20226","123209",1040,"https://download.medicaid.gov/data/mh-and-sud-services-2020-2022-01162025.csv","20",NULL,False,"2025-08-11 14:01:45.654704","2025-10-30 09:57:36.197229"
"1701","19935","122191",1041,"https://download.medicaid.gov/data/pregnent-postpartum-beneficiaries-2017to2021.csv","20",NULL,False,"2025-08-11 14:01:45.654704","2025-10-30 09:57:36.197229"
"1702","15122","109384",1042,"https://echo.epa.gov/files/echodownloads/npdes_limits_fy2009plus.zip","108358385",NULL,False,"2025-08-11 14:01:45.654704","2025-10-30 09:57:36.197229"
"1703","13239","104992",1043,"https://edg.epa.gov/data/PUBLIC/ORD/NHEERL/EMAP_archive1990-2006.zip","79718721",NULL,False,"2025-08-11 14:01:45.654704","2025-10-30 09:57:36.197229"
"1704","3870","23505",1044,"https://energy.gov/sites/prod/files/FieldSampleAirResults_2.csv","0",NULL,False,"2025-08-11 14:01:45.654704","2025-10-30 09:57:36.197229"
"1705","13982","106592",1045,"https://pasteur.epa.gov/uploads/268/PNW_HLs_41.5x36_v2_300dpi_060415.pdf","22435086",NULL,False,"2025-08-11 14:01:45.654704","2025-10-30 09:57:36.197229"
"1706","13982","106593",1045,"https://gaftp.epa.gov/EPADataCommons/ORD/HydrologicLandscapes/pnw_hydrologic_landscape_class.zip","-1",NULL,False,"2025-08-11 14:01:45.654704","2025-10-30 09:57:36.197229"
"1707","7225","36492",1047,"https://gdr.openei.org/files/1111/well_survey_from_earth_model.csv","4636",NULL,False,"2025-08-11 14:01:45.654704","2025-10-30 09:57:36.197229"
"1708","7225","36493",1047,"https://gdr.openei.org/files/1111/well%20data%20readme.txt","28028",NULL,False,"2025-08-11 14:01:45.654704","2025-10-30 09:57:36.197229"
"1709","7225","36494",1047,"https://gdr.openei.org/files/1111/well_location_from_earth_model.csv","4085",NULL,False,"2025-08-11 14:01:45.654704","2025-10-30 09:57:36.197229"
"1710","7225","36495",1047,"https://gdr.openei.org/files/1111/well_lithology_from_earth_model.csv","2796",NULL,False,"2025-08-11 14:01:45.654704","2025-10-30 09:57:36.197229"
"1711","7225","36496",1047,"https://gdr.openei.org/files/1111/58-32_sonic_log_data.csv","2195544",NULL,False,"2025-08-11 14:01:45.654704","2025-10-30 09:57:36.197229"
"1712","7225","36499",1047,"https://gdr.openei.org/files/1111/58-32_main_geophysical_well_log.csv","7134897",NULL,False,"2025-08-11 14:01:45.654704","2025-10-30 09:57:36.197229"
"1713","7225","36500",1047,"https://gdr.openei.org/files/1111/58-32_main.las","10498531",NULL,False,"2025-08-11 14:01:45.654704","2025-10-30 09:57:36.197229"
"1714","7225","36501",1047,"https://gdr.openei.org/files/1111/Acord%201-26_digitized_geophysical_well_log.las","9153152",NULL,False,"2025-08-11 14:01:45.654704","2025-10-30 09:57:36.197229"
"1715","7225","36491",1047,"https://gdr.openei.org/files/1111/58-32_xray_diffraction_data.csv","4177",NULL,False,"2025-08-11 14:01:45.654704","2025-10-30 09:57:36.197229"
"1716","7225","36490",1047,"https://gdr.openei.org/files/1111/58-32_thermal_conductivity_data.csv","1501",NULL,False,"2025-08-11 14:01:45.654704","2025-10-30 09:57:36.197229"
"1717","7225","36498",1047,"https://gdr.openei.org/files/1111/Acord%201-26_digitized_geophysical_well_log.csv","3584460",NULL,False,"2025-08-11 14:01:45.654704","2025-10-30 09:57:36.197229"
"1718","7225","36497",1047,"https://gdr.openei.org/files/1111/58-32_sonic.las","3001504",NULL,False,"2025-08-11 14:01:45.654704","2025-10-30 09:57:36.197229"
"1719","4571","27621",1050,"https://gdr.openei.org/files/857/HVC%20SURVEY%20%20PROCESSING%20GLASS%20BUTTES.pdf","2269812",NULL,False,"2025-08-11 14:01:45.654704","2025-10-30 09:57:36.197229"
"1720","4571","27620",1050,"https://gdr.openei.org/files/857/GlassButtesLidar%20%281%29.pdf","2384975",NULL,False,"2025-08-11 14:01:45.654704","2025-10-30 09:57:36.197229"
"1721","4571","27622",1050,"https://gdr.openei.org/files/857/GeologicMap.pdf","261742844",NULL,False,"2025-08-11 14:01:45.654704","2025-10-30 09:57:36.197229"
"1730","25243","135707",1055,"https://nasa-public-data.s3.amazonaws.com/iss-coords/2022-01-23/ISS_sightings/XMLsightingData_natparksUSA02.xml","1404475",NULL,False,"2025-08-11 14:01:45.654704","2025-10-30 09:57:36.197229"
"1731","25243","135692",1055,"https://nasa-public-data.s3.amazonaws.com/iss-coords/2022-01-23/ISS_sightings/XMLsightingData_citiesINT03.xml","1979341",NULL,False,"2025-08-11 14:01:45.654704","2025-10-30 09:57:36.197229"
"1732","25243","135691",1055,"https://nasa-public-data.s3.amazonaws.com/iss-coords/2022-01-23/ISS_sightings/XMLsightingData_citiesINT02.xml","2838619",NULL,False,"2025-08-11 14:01:45.654704","2025-10-30 09:57:36.197229"
"1733","25243","135690",1055,"https://nasa-public-data.s3.amazonaws.com/iss-coords/2022-01-23/ISS_sightings/XMLsightingData_citiesINT01.xml","2434099",NULL,False,"2025-08-11 14:01:45.654704","2025-10-30 09:57:36.197229"
"1734","25243","135689",1055,"https://nasa-public-data.s3.amazonaws.com/iss-coords/2022-01-23/ISS_OEM/ISS.OEM_J2K_EPH.xml","2902959",NULL,False,"2025-08-11 14:01:45.654704","2025-10-30 09:57:36.197229"
"1735","25243","135688",1055,"https://nasa-public-data.s3.amazonaws.com/iss-coords/2022-01-23/ISS_OEM/ISS.OEM_J2K_EPH.txt","718051",NULL,False,"2025-08-11 14:01:45.654704","2025-10-30 09:57:36.197229"
"1736","25243","135694",1055,"https://nasa-public-data.s3.amazonaws.com/iss-coords/2022-01-23/ISS_sightings/XMLsightingData_citiesINT05.xml","1621861",NULL,False,"2025-08-11 14:01:45.654704","2025-10-30 09:57:36.197229"
"1737","25243","135695",1055,"https://nasa-public-data.s3.amazonaws.com/iss-coords/2022-01-23/ISS_sightings/XMLsightingData_citiesUSA01.xml","1315482",NULL,False,"2025-08-11 14:01:45.654704","2025-10-30 09:57:36.197229"
"1738","25243","135696",1055,"https://nasa-public-data.s3.amazonaws.com/iss-coords/2022-01-23/ISS_sightings/XMLsightingData_citiesUSA02.xml","2271565",NULL,False,"2025-08-11 14:01:45.654704","2025-10-30 09:57:36.197229"
"1739","25243","135697",1055,"https://nasa-public-data.s3.amazonaws.com/iss-coords/2022-01-23/ISS_sightings/XMLsightingData_citiesUSA03.xml","1360618",NULL,False,"2025-08-11 14:01:45.654704","2025-10-30 09:57:36.197229"
"1740","25243","135698",1055,"https://nasa-public-data.s3.amazonaws.com/iss-coords/2022-01-23/ISS_sightings/XMLsightingData_citiesUSA04.xml","2669104",NULL,False,"2025-08-11 14:01:45.654704","2025-10-30 09:57:36.197229"
"1741","25243","135699",1055,"https://nasa-public-data.s3.amazonaws.com/iss-coords/2022-01-23/ISS_sightings/XMLsightingData_citiesUSA05.xml","2060818",NULL,False,"2025-08-11 14:01:45.654704","2025-10-30 09:57:36.197229"
"1742","25243","135700",1055,"https://nasa-public-data.s3.amazonaws.com/iss-coords/2022-01-23/ISS_sightings/XMLsightingData_citiesUSA06.xml","3200737",NULL,False,"2025-08-11 14:01:45.654704","2025-10-30 09:57:36.197229"
"1743","25243","135701",1055,"https://nasa-public-data.s3.amazonaws.com/iss-coords/2022-01-23/ISS_sightings/XMLsightingData_citiesUSA07.xml","2447758",NULL,False,"2025-08-11 14:01:45.654704","2025-10-30 09:57:36.197229"
"1744","25243","135702",1055,"https://nasa-public-data.s3.amazonaws.com/iss-coords/2022-01-23/ISS_sightings/XMLsightingData_citiesUSA08.xml","2726730",NULL,False,"2025-08-11 14:01:45.654704","2025-10-30 09:57:36.197229"
"1745","25243","135703",1055,"https://nasa-public-data.s3.amazonaws.com/iss-coords/2022-01-23/ISS_sightings/XMLsightingData_citiesUSA09.xml","1872537",NULL,False,"2025-08-11 14:01:45.654704","2025-10-30 09:57:36.197229"
"1746","25243","135693",1055,"https://nasa-public-data.s3.amazonaws.com/iss-coords/2022-01-23/ISS_sightings/XMLsightingData_citiesINT04.xml","2580405",NULL,False,"2025-08-11 14:01:45.654704","2025-10-30 09:57:36.197229"
"1747","25243","135704",1055,"https://nasa-public-data.s3.amazonaws.com/iss-coords/2022-01-23/ISS_sightings/XMLsightingData_citiesUSA10.xml","1118859",NULL,False,"2025-08-11 14:01:45.654704","2025-10-30 09:57:36.197229"
"1748","25243","135705",1055,"https://nasa-public-data.s3.amazonaws.com/iss-coords/2022-01-23/ISS_sightings/XMLsightingData_citiesUSA11.xml","2592493",NULL,False,"2025-08-11 14:01:45.654704","2025-10-30 09:57:36.197229"
"1749","25243","135706",1055,"https://nasa-public-data.s3.amazonaws.com/iss-coords/2022-01-23/ISS_sightings/XMLsightingData_natparksUSA01.xml","1315472",NULL,False,"2025-08-11 14:01:45.654704","2025-10-30 09:57:36.197229"
"1750","14907","108765",1056,"https://pasteur.epa.gov/uploads/10.23719/1378947/FlowAndRainfallData_SHC-SWMM_SubcatchmentCharacterizationForGIModelingResearch.xlsx","379908",NULL,False,"2025-08-11 14:01:45.654704","2025-10-30 09:57:36.197229"
"1751","14084","106844",1057,"https://pasteur.epa.gov/uploads/10.23719/1504194/MarineEmissionsSummaries.zip","248067",NULL,False,"2025-08-11 14:01:45.654704","2025-10-30 09:57:36.197229"
"1752","14082","106837",1058,"https://pasteur.epa.gov/uploads/10.23719/1522928/Supplementary%20Table%20S1.docx","17032",NULL,False,"2025-08-11 14:01:45.654704","2025-10-30 09:57:36.197229"
"1753","14082","106841",1058,"https://pasteur.epa.gov/uploads/10.23719/1522928/Discharge_data.xls","981504",NULL,False,"2025-08-11 14:01:45.654704","2025-10-30 09:57:36.197229"
"1754","14082","106840",1058,"https://pasteur.epa.gov/uploads/10.23719/1522928/PET_data.xls","1252352",NULL,False,"2025-08-11 14:01:45.654704","2025-10-30 09:57:36.197229"
"1755","14082","106838",1058,"https://pasteur.epa.gov/uploads/10.23719/1522928/Water_Temperature_Data.xls","1348096",NULL,False,"2025-08-11 14:01:45.654704","2025-10-30 09:57:36.197229"
"1756","14082","106842",1058,"https://pasteur.epa.gov/uploads/10.23719/1522928/AirTemp_Data.xls","1485312",NULL,False,"2025-08-11 14:01:45.654704","2025-10-30 09:57:36.197229"
"1757","14082","106839",1058,"https://pasteur.epa.gov/uploads/10.23719/1522928/PPT_data.csv","458617",NULL,False,"2025-08-11 14:01:45.654704","2025-10-30 09:57:36.197229"
"1758","14124","106921",1059,"https://pasteur.epa.gov/uploads/10.23719/1529140/INLA_CONUS_forecast.zip","33677",NULL,False,"2025-08-11 14:01:45.654704","2025-10-30 09:57:36.197229"
"1759","15082","109280",1060,"https://pasteur.epa.gov/uploads/10.23719/1529357/Dataset_Urban_Lakes.xlsx","210364",NULL,False,"2025-08-11 14:01:45.654704","2025-10-30 09:57:36.197229"
"1760","14107","106883",1061,"https://pasteur.epa.gov/uploads/10.23719/1529938/Waste_national_2018_v1.3.2_9b1bb41.csv","6586",NULL,False,"2025-08-11 14:01:45.654704","2025-10-30 09:57:36.197229"
"1761","14876","108673",1062,"https://pasteur.epa.gov/uploads/10.23719/1530706/VELMA_Kansas_FlintHillsPaper.zip","72216385",NULL,False,"2025-08-11 14:01:45.654704","2025-10-30 09:57:36.197229"
"1762","13988","106602",1063,"https://pasteur.epa.gov/uploads/10.23719/1530873/SciHub_092424.xlsx","250755",NULL,False,"2025-08-11 14:01:45.654704","2025-10-30 09:57:36.197229"
"1763","14864","108646",1064,"https://pasteur.epa.gov/uploads/10.23719/1531005/Dataset.xlsx","41833",NULL,False,"2025-08-11 14:01:45.654704","2025-10-30 09:57:36.197229"
"1764","13097","104601",1065,"https://pasteur.epa.gov/uploads/10.23719/1532179/GoldsboroFertilizationFlux_20240715-20240718_3.xlsx","57187",NULL,False,"2025-08-11 14:01:45.654704","2025-10-30 09:57:36.197229"
"1765","14028","106688",1066,"https://pubs.acs.org/doi/suppl/10.1021/acs.est.3c08559/suppl_file/es3c08559_si_002.xlsx","7297",NULL,False,"2025-08-11 14:01:45.654704","2025-10-30 09:57:36.197229"
"1766","22423","130096",1067,"https://raw.githubusercontent.com/nasa/Open-Source-Catalog/master/code.json","446054",NULL,False,"2025-08-11 14:01:45.654704","2025-10-30 09:57:36.197229"
"1767","152864","1446833",1069,"https://www.dietaryguidelines.gov/sites/default/files/2021-03/Dietary_Guidelines_for_Americans-2020-2025.pdf","-1",NULL,False,"2025-08-11 14:01:45.654704","2025-10-30 09:57:36.197229"
"1768","3965","24162",1070,"https://www.eia.gov/maps/map_data/CoalMines_US_EIA.zip","-1",NULL,False,"2025-08-11 14:01:45.654704","2025-10-30 09:57:36.197229"
"1769","4274","26079",1072,"https://www.energy.gov/data.json","34643",NULL,False,"2025-08-11 14:01:45.654704","2025-10-30 09:57:36.197229"
"1770","152932","1447082",1073,"https://www.gipsa.usda.gov/fgis/svc_provid/map-oa.pdf","-1",NULL,False,"2025-08-11 14:01:45.654704","2025-10-30 09:57:36.197229"
"1772","152869","1446842",1077,"http://eligibility.sc.egov.usda.gov/eligibility/welcomeAction.do","-1",NULL,False,"2025-08-11 14:01:45.654704","2025-10-30 09:57:36.197229"
"1773","152869","1446841",1077,"https://www.sc.egov.usda.gov/data/files/RBS_Ineligible.zip","1161",NULL,False,"2025-08-11 14:01:45.654704","2025-10-30 09:57:36.197229"
"1774","3932","24009",1098,"https://data.openei.org/files/8345/README%20%285%29.txt","1432",NULL,False,"2025-08-11 14:01:45.654704","2025-10-30 09:57:36.197229"
"1775","3932","24000",1098,"https://data.openei.org/files/8345/data.zip","4185131394",NULL,False,"2025-08-11 14:01:45.654704","2025-10-30 09:57:36.197229"
"1776","3932","24001",1098,"https://data.openei.org/files/8345/results.zip","36801",NULL,False,"2025-08-11 14:01:45.654704","2025-10-30 09:57:36.197229"
"1777","3932","24002",1098,"https://data.openei.org/files/8345/optimization%20files.zip","6904984",NULL,False,"2025-08-11 14:01:45.654704","2025-10-30 09:57:36.197229"
"1778","3932","24003",1098,"https://data.openei.org/files/8345/Manual.txt","456",NULL,False,"2025-08-11 14:01:45.654704","2025-10-30 09:57:36.197229"
"1779","3932","24004",1098,"https://data.openei.org/files/8345/requirements.txt","146",NULL,False,"2025-08-11 14:01:45.654704","2025-10-30 09:57:36.197229"
"1780","3932","24005",1098,"https://data.openei.org/files/8345/Integrated_DNN-SE_COCPIT_Github_version.ipynb","538751",NULL,False,"2025-08-11 14:01:45.654704","2025-10-30 09:57:36.197229"
"1781","3932","24006",1098,"https://data.openei.org/files/8345/trained_model.h5","711225",NULL,False,"2025-08-11 14:01:45.654704","2025-10-30 09:57:36.197229"
"1782","3932","24007",1098,"https://data.openei.org/files/8345/Integrated%20DNN-SE%20and%20COCPIT%20Demo.mp4","16640786",NULL,False,"2025-08-11 14:01:45.654704","2025-10-30 09:57:36.197229"
"1783","3932","24008",1098,"https://data.openei.org/files/8345/dss%20files.zip","119675",NULL,False,"2025-08-11 14:01:45.654704","2025-10-30 09:57:36.197229"
"1784","3932","23998",1098,"https://data.openei.org/files/8345/BadDataDetectionAAEtestingonly.py","10499",NULL,False,"2025-08-11 14:01:45.654704","2025-10-30 09:57:36.197229"
"1785","3932","23999",1098,"https://data.openei.org/files/8345/baddatainjection.py","3241",NULL,False,"2025-08-11 14:01:45.654704","2025-10-30 09:57:36.197229"
"1786","111364","1029855",1111,"ftp://ftp.soest.hawaii.edu/pibhmc/website/data/pria/bathymetry/Baker_5m.grd.zip","1379810",NULL,False,"2025-08-11 14:01:45.654704","2025-10-30 09:57:36.197229"
"1787","36157","151367",1112,"http://appel.nasa.gov/wp-content/uploads/sites/2/2013/04/692076main_Orbital_Debris_Management_and_Risk_Mitigation.pdf","167",NULL,False,"2025-08-11 14:01:45.654704","2025-10-30 09:57:36.197229"
"1788","22083","129372",1113,"http://asrs.arc.nasa.gov/docs/rpsts/animal.pdf","610037",NULL,False,"2025-08-11 14:01:45.654704","2025-10-30 09:57:36.197229"
"1789","23106","130859",1114,"http://asrs.arc.nasa.gov/docs/rpsts/waketurb.pdf","576743",NULL,False,"2025-08-11 14:01:45.654704","2025-10-30 09:57:36.197229"
"1790","35955","150774",1115,"http://cfdval2004.larc.nasa.gov/Presentations/tables.pdf","-1",NULL,False,"2025-08-11 14:01:45.654704","2025-10-30 09:57:36.197229"
"1791","25174","135283",1141,"http://nasa3d.arc.nasa.gov/shared_assets/models/apollo-soyuz-c/apollo-soyuz-c.zip","162",NULL,False,"2025-08-11 14:01:45.654704","2025-10-30 09:57:36.197229"
"1792","21964","128864",1142,"http://nasa3d.arc.nasa.gov/shared_assets/models/grace/GRACE.zip","162",NULL,False,"2025-08-11 14:01:45.654704","2025-10-30 09:57:36.197229"
"1793","22063","129315",1143,"http://nasa3d.arc.nasa.gov/shared_assets/models/iss-hi-res/ISS-models-2011.zip","162",NULL,False,"2025-08-11 14:01:45.654704","2025-10-30 09:57:36.197229"
"1794","36731","155267",1144,"http://nasa3d.arc.nasa.gov/shared_assets/models/mercury-suit/Mercury.zip","162",NULL,False,"2025-08-11 14:01:45.654704","2025-10-30 09:57:36.197229"
"1795","23186","131232",1145,"http://nasa3d.arc.nasa.gov/shared_assets/models/pgt-3ds/PGT-3DS.zip","162",NULL,False,"2025-08-11 14:01:45.654704","2025-10-30 09:57:36.197229"
"1796","22108","129491",1146,"http://planetarynames.wr.usgs.gov/shapefiles/MIMAS_nomenclature.zip","167",NULL,False,"2025-08-11 14:01:45.654704","2025-10-30 09:57:36.197229"
"1798","153614","1449348",1148,"http://www.ams.usda.gov/sites/default/files/media/GTRTable9.xlsx","0",NULL,False,"2025-08-11 14:01:45.654704","2025-10-30 09:57:36.197229"
"1799","152913","1447018",1149,"http://www.aphis.usda.gov/brs/status/BRS_public_data_file.xlsx","-1",NULL,False,"2025-08-11 14:01:45.654704","2025-10-30 09:57:36.197229"
"1800","153572","1449178",1150,"http://www.cnpp.usda.gov/sites/default/files/usda_food_plans_cost_of_food/CostofFoodJul2014.pdf","-1",NULL,False,"2025-08-11 14:01:45.654704","2025-10-30 09:57:36.197229"
"1801","155176","1454361",1151,"http://www.dm.usda.gov/R162105B.XLS","0",NULL,False,"2025-08-11 14:01:45.654704","2025-10-30 09:57:36.197229"
"1802","155176","1454360",1151,"http://www.dm.usda.gov/R162105A.XLS","0",NULL,False,"2025-08-11 14:01:45.654704","2025-10-30 09:57:36.197229"
"1803","155176","1454362",1151,"http://www.dm.usda.gov/R162105C.XLS","0",NULL,False,"2025-08-11 14:01:45.654704","2025-10-30 09:57:36.197229"
"1804","19710","119968",1152,"http://www.fda.gov/downloads/Drugs/InformationOnDrugs/UCM080154.zip","419",NULL,False,"2025-08-11 14:01:45.654704","2025-10-30 09:57:36.197229"
"1805","20166","122995",1153,"http://www.fda.gov/downloads/ForIndustry/DataStandards/StructuredProductLabeling/UCM362817.zip","419",NULL,False,"2025-08-11 14:01:45.654704","2025-10-30 09:57:36.197229"
"1806","152977","1447278",1154,"http://www.fns.usda.gov/sites/default/files/pd/30SNAPcurrHH.pdf","431",NULL,False,"2025-08-11 14:01:45.654704","2025-10-30 09:57:36.197229"
"1807","153276","1448195",1155,"http://www.fns.usda.gov/sites/default/files/pd/36slmonthly.pdf","428",NULL,False,"2025-08-11 14:01:45.654704","2025-10-30 09:57:36.197229"
"1808","153400","1448601",1156,"http://www.fsa.usda.gov/Internet/FSA_File/sep_03_all_smd_tables.xls","0",NULL,False,"2025-08-11 14:01:45.654704","2025-10-30 09:57:36.197229"
"1809","153168","1447851",1157,"http://www.fsa.usda.gov/Internet/FSA_File/whselst2010.pdf","0",NULL,False,"2025-08-11 14:01:45.654704","2025-10-30 09:57:36.197229"
"1810","153619","1449354",1253,"http://www.usda.gov/digitalstrategy/bureaudirectory.json","-1",NULL,False,"2025-08-11 14:01:45.654704","2025-10-30 09:57:36.197229"
"1811","152868","1446840",1254,"https://ars.els-cdn.com/content/image/1-s2.0-S2352340920313639-mmc1.zip","55405",NULL,False,"2025-08-11 14:01:45.654704","2025-10-30 09:57:36.197229"
"1816","24832","133401",1257,"https://c3.nasa.gov/dashlink/static/media/dataset/Amazon_data_science_challenge.zip","1434754",NULL,False,"2025-08-11 14:01:45.654704","2025-10-30 09:57:36.197229"
"1817","23046","130565",1258,"https://c3.nasa.gov/dashlink/static/media/dataset/Tail_674_5.zip","838129066",NULL,False,"2025-08-11 14:01:45.654704","2025-10-30 09:57:36.197229"
"1818","23046","130564",1258,"https://c3.nasa.gov/dashlink/static/media/dataset/Tail_674_4.zip","838841568",NULL,False,"2025-08-11 14:01:45.654704","2025-10-30 09:57:36.197229"
"1819","23046","130567",1258,"https://c3.nasa.gov/dashlink/static/media/dataset/Tail_674_7.zip","837061036",NULL,False,"2025-08-11 14:01:45.654704","2025-10-30 09:57:36.197229"
"1820","23046","130568",1258,"https://c3.nasa.gov/dashlink/static/media/dataset/Tail_674_8.zip","837448424",NULL,False,"2025-08-11 14:01:45.654704","2025-10-30 09:57:36.197229"
"1821","23046","130566",1258,"https://c3.nasa.gov/dashlink/static/media/dataset/Tail_674_6.zip","837928891",NULL,False,"2025-08-11 14:01:45.654704","2025-10-30 09:57:36.197229"
"1822","23046","130569",1258,"https://c3.nasa.gov/dashlink/static/media/dataset/Tail_674_9.zip","837738098",NULL,False,"2025-08-11 14:01:45.654704","2025-10-30 09:57:36.197229"
"1823","23046","130563",1258,"https://c3.nasa.gov/dashlink/static/media/dataset/Tail_674_11.zip","170621976",NULL,False,"2025-08-11 14:01:45.654704","2025-10-30 09:57:36.197229"
"1824","23046","130562",1258,"https://c3.nasa.gov/dashlink/static/media/dataset/Tail_674_10.zip","838729230",NULL,False,"2025-08-11 14:01:45.654704","2025-10-30 09:57:36.197229"
"1825","23046","130561",1258,"https://c3.nasa.gov/dashlink/static/media/dataset/Tail_674_3.zip","838615034",NULL,False,"2025-08-11 14:01:45.654704","2025-10-30 09:57:36.197229"
"1826","23046","130560",1258,"https://c3.nasa.gov/dashlink/static/media/dataset/Tail_674_2.zip","837515915",NULL,False,"2025-08-11 14:01:45.654704","2025-10-30 09:57:36.197229"
"1827","23046","130559",1258,"https://c3.nasa.gov/dashlink/static/media/dataset/Tail_674_1.zip","838325969",NULL,False,"2025-08-11 14:01:45.654704","2025-10-30 09:57:36.197229"
"1828","22403","130014",1259,"https://c3.nasa.gov/dashlink/static/media/dataset/modes_HIRENASD_coarse_Centaur.tar.gz","106441433",NULL,False,"2025-08-11 14:01:45.654704","2025-10-30 09:57:36.197229"
"1829","23081","130706",1260,"https://c3.nasa.gov/dashlink/static/media/publication/2007_AAAI_SurveyAI.pdf","185985",NULL,False,"2025-08-11 14:01:45.654704","2025-10-30 09:57:36.197229"
"1830","22036","129186",1261,"https://c3.nasa.gov/dashlink/static/media/publication/2008_IEEEPHM_CMAPPSDamagePropagation.pdf","434158",NULL,False,"2025-08-11 14:01:45.654704","2025-10-30 09:57:36.197229"
"1831","32392","146164",1262,"https://c3.nasa.gov/dashlink/static/media/publication/2008_IEEEPHM_MetricsSurvey.pdf","483563",NULL,False,"2025-08-11 14:01:45.654704","2025-10-30 09:57:36.197229"
"1832","23041","130536",1263,"https://c3.nasa.gov/dashlink/static/media/publication/2009_IEEEAerospace_Electronics.pdf","453881",NULL,False,"2025-08-11 14:01:45.654704","2025-10-30 09:57:36.197229"
"1833","23182","131212",1264,"https://c3.nasa.gov/dashlink/static/media/publication/2012_Autotestcon_Aging.pdf","986984",NULL,False,"2025-08-11 14:01:45.654704","2025-10-30 09:57:36.197229"
"1834","22100","129458",1265,"https://c3.nasa.gov/dashlink/static/media/publication/81-525-Oza.pdf","609575",NULL,False,"2025-08-11 14:01:45.654704","2025-10-30 09:57:36.197229"
"1835","23239","131495",1266,"https://c3.nasa.gov/dashlink/static/media/publication/LH2-AIAA.pdf","1139652",NULL,False,"2025-08-11 14:01:45.654704","2025-10-30 09:57:36.197229"
"1836","22419","130081",1267,"https://c3.nasa.gov/dashlink/static/media/publication/Martin-JANNAF.pdf","562700",NULL,False,"2025-08-11 14:01:45.654704","2025-10-30 09:57:36.197229"
"1837","36087","151186",1268,"https://c3.nasa.gov/dashlink/static/media/publication/Paper_6_.pdf","535198",NULL,False,"2025-08-11 14:01:45.654704","2025-10-30 09:57:36.197229"
"1838","22125","129558",1269,"https://c3.nasa.gov/dashlink/static/media/publication/abwo10.pdf","3333419",NULL,False,"2025-08-11 14:01:45.654704","2025-10-30 09:57:36.197229"
"1839","36262","151636",1270,"https://c3.nasa.gov/dashlink/static/media/publication/swhm.pdf","254503",NULL,False,"2025-08-11 14:01:45.654704","2025-10-30 09:57:36.197229"
"2036","19855","121505",1325,"https://data.lhncbc.nlm.nih.gov/public/Clinical-Questions/Collection-IA-1095-Questions.zip","298293",NULL,False,"2025-08-11 14:01:45.654704","2025-10-30 09:57:36.197229"
"2037","19855","121507",1325,"https://data.lhncbc.nlm.nih.gov/public/Clinical-Questions/Collection-IC-1062-Questions.zip","371366",NULL,False,"2025-08-11 14:01:45.654704","2025-10-30 09:57:36.197229"
"2038","19855","121508",1325,"https://data.lhncbc.nlm.nih.gov/public/Clinical-Questions/Collection-ID-605-Questions.zip","91246",NULL,False,"2025-08-11 14:01:45.654704","2025-10-30 09:57:36.197229"
"2039","19855","121509",1325,"https://data.lhncbc.nlm.nih.gov/public/Clinical-Questions/Description%20of%20IOWA%20Collection%20IA%20questions.docx","14744",NULL,False,"2025-08-11 14:01:45.654704","2025-10-30 09:57:36.197229"
"2040","19855","121506",1325,"https://data.lhncbc.nlm.nih.gov/public/Clinical-Questions/Collection-IB-1892-Questions.zip","362533",NULL,False,"2025-08-11 14:01:45.654704","2025-10-30 09:57:36.197229"
"2041","22022","129139",1326,"https://data.nasa.gov/docs/datasets/public/geometry_grid_boundary_condition/EEE_Files.zip","0",NULL,False,"2025-08-11 14:01:45.654704","2025-10-30 09:57:36.197229"
"2042","21841","128372",1327,"https://data.nasa.gov/docs/legacy/Global_Landslide_Catalog_Export/Global_Landslide_Catalog_Export_rows.csv","0",NULL,False,"2025-08-11 14:01:45.654704","2025-10-30 09:57:36.197229"
"2043","21841","128375",1327,"https://data.nasa.gov/docs/legacy/Global_Landslide_Catalog_Export/Global_Landslide_Catalog_Export_rows.xml","0",NULL,False,"2025-08-11 14:01:45.654704","2025-10-30 09:57:36.197229"
"2044","21841","128373",1327,"https://data.nasa.gov/docs/legacy/Global_Landslide_Catalog_Export/Global_Landslide_Catalog_Export_rows.rdf","0",NULL,False,"2025-08-11 14:01:45.654704","2025-10-30 09:57:36.197229"
"2045","21841","128374",1327,"https://data.nasa.gov/docs/legacy/Global_Landslide_Catalog_Export/Global_Landslide_Catalog_Export_rows.json","0",NULL,False,"2025-08-11 14:01:45.654704","2025-10-30 09:57:36.197229"
"2046","25238","135677",1328,"https://data.nasa.gov/docs/legacy/Global_Landslide_Catalog_Export/Global_Landslide_Catalog_Export_rows.csv","0",NULL,False,"2025-08-11 14:01:45.654704","2025-10-30 09:57:36.197229"
"2047","4048","24699",1329,"https://data.nrel.gov/system/files/100/CEMS_Generic_Heat_Rates.zip","6826",NULL,False,"2025-08-11 14:01:45.654704","2025-10-30 09:57:36.197229"
"2048","4048","24700",1329,"https://data.nrel.gov/system/files/100/CEMS_2016-2017_Heat_Rates.zip","6842",NULL,False,"2025-08-11 14:01:45.654704","2025-10-30 09:57:36.197229"
"2049","4048","24698",1329,"https://data.nrel.gov/system/files/100/CEMS_2015-2016_Filtered-ND_Boiler_Coal_1.csv","6970",NULL,False,"2025-08-11 14:01:45.654704","2025-10-30 09:57:36.197229"
"2050","4048","24682",1329,"https://data.nrel.gov/system/files/100/CEMS_2015-2016_Piecewise_Fits.csv","6874",NULL,False,"2025-08-11 14:01:45.654704","2025-10-30 09:57:36.197229"
"2051","4048","24683",1329,"https://data.nrel.gov/system/files/100/CEMS_Heat_Rates_2015-2016.csv","6842",NULL,False,"2025-08-11 14:01:45.654704","2025-10-30 09:57:36.197229"
"2052","4048","24684",1329,"https://data.nrel.gov/system/files/100/CEMS_2015-2016_Filtered_Boiler_Wood.csv","6930",NULL,False,"2025-08-11 14:01:45.654704","2025-10-30 09:57:36.197229"
"2053","4048","24685",1329,"https://data.nrel.gov/system/files/100/CEMS_2015-2016_Filtered-ND_Boiler_Wood.csv","6946",NULL,False,"2025-08-11 14:01:45.654704","2025-10-30 09:57:36.197229"
"2054","4048","24686",1329,"https://data.nrel.gov/system/files/100/CEMS_2015-2016_Filtered-ND_Stoker_Wood.csv","6946",NULL,False,"2025-08-11 14:01:45.654704","2025-10-30 09:57:36.197229"
"2055","4048","24687",1329,"https://data.nrel.gov/system/files/100/CEMS_2015-2016_Filtered_Stoker_Wood.csv","6930",NULL,False,"2025-08-11 14:01:45.654704","2025-10-30 09:57:36.197229"
"2056","4048","24688",1329,"https://data.nrel.gov/system/files/100/CEMS_2015-2016_Filtered_Combustion_turbine_Diesel_Oil.csv","7074",NULL,False,"2025-08-11 14:01:45.654704","2025-10-30 09:57:36.197229"
"2057","4048","24689",1329,"https://data.nrel.gov/system/files/100/CEMS_2015-2016_Filtered-ND_Combustion_turbine_Diesel_Oil.csv","7098",NULL,False,"2025-08-11 14:01:45.654704","2025-10-30 09:57:36.197229"
"2058","4048","24690",1329,"https://data.nrel.gov/system/files/100/CEMS_2015-2016_Filtered_Boiler_Diesel_Oil.csv","6978",NULL,False,"2025-08-11 14:01:45.654704","2025-10-30 09:57:36.197229"
"2059","4048","24691",1329,"https://data.nrel.gov/system/files/100/CEMS_2015-2016_Filtered-ND_Boiler_Diesel_Oil.csv","7002",NULL,False,"2025-08-11 14:01:45.654704","2025-10-30 09:57:36.197229"
"2060","4048","24692",1329,"https://data.nrel.gov/system/files/100/CEMS_2015-2016_Filtered_Boiler_Natural_Gas.csv","6978",NULL,False,"2025-08-11 14:01:45.654704","2025-10-30 09:57:36.197229"
"2061","4048","24693",1329,"https://data.nrel.gov/system/files/100/CEMS_2015-2016_Filtered-ND_Boiler_Natural_Gas.csv","7010",NULL,False,"2025-08-11 14:01:45.654704","2025-10-30 09:57:36.197229"
"2062","4048","24694",1329,"https://data.nrel.gov/system/files/100/CEMS_2015-2016_Filtered_Combustion_turbine_Natural_Gas.csv","7082",NULL,False,"2025-08-11 14:01:45.654704","2025-10-30 09:57:36.197229"
"2063","4048","24697",1329,"https://data.nrel.gov/system/files/100/CEMS_2015-2016_Filtered_Boiler_Coal.csv","6922",NULL,False,"2025-08-11 14:01:45.654704","2025-10-30 09:57:36.197229"
"2064","4048","24696",1329,"https://data.nrel.gov/system/files/100/CEMS_2015-2016_Filtered-ND_Combined_Cycle.csv","6970",NULL,False,"2025-08-11 14:01:45.654704","2025-10-30 09:57:36.197229"
"2065","4048","24695",1329,"https://data.nrel.gov/system/files/100/CEMS_2015-2016_Filtered-ND_Combustion_turbine_Natural_Gas.csv","7098",NULL,False,"2025-08-11 14:01:45.654704","2025-10-30 09:57:36.197229"
"2066","4048","24703",1329,"https://data.nrel.gov/system/files/100/CEMS_Generic_Heat_Rates.zip","6826",NULL,False,"2025-08-11 14:01:45.654704","2025-10-30 09:57:36.197229"
"2067","4048","24702",1329,"https://data.nrel.gov/system/files/100/CEMS_2016-2017_Piecewise_Fits.zip","6882",NULL,False,"2025-08-11 14:01:45.654704","2025-10-30 09:57:36.197229"
"2068","4048","24701",1329,"https://data.nrel.gov/system/files/100/CEMS_2016-2017_Filtered.zip","6834",NULL,False,"2025-08-11 14:01:45.654704","2025-10-30 09:57:36.197229"
"2069","3949","24089",1331,"https://data.nrel.gov/system/files/175/Equitable%20Energy%20Investment%20Prioritization%20%28EEIP%29%20Data%20set_10_14_21.csv","7306",NULL,False,"2025-08-11 14:01:45.654704","2025-10-30 09:57:36.197229"
"2070","3949","24088",1331,"https://data.nrel.gov/system/files/175/Metadata_1_18_22.xlsx","6778",NULL,False,"2025-08-11 14:01:45.654704","2025-10-30 09:57:36.197229"
"2071","3949","24087",1331,"https://data.nrel.gov/system/files/175/Equitable%20Energy%20Investment%20Prioritization%20%28EEIP%29%20Data%20set_1_18_22.csv","7306",NULL,False,"2025-08-11 14:01:45.654704","2025-10-30 09:57:36.197229"
"2072","3949","24090",1331,"https://data.nrel.gov/system/files/175/EquitableEnergyInvestmentPrioritizationData_Metadata.xlsx","7066",NULL,False,"2025-08-11 14:01:45.654704","2025-10-30 09:57:36.197229"
"2073","3934","24015",1333,"https://data.nrel.gov/system/files/230/1707947178-Cambium23_LRMER_GEAregions_0.xlsx","6910",NULL,False,"2025-08-11 14:01:45.654704","2025-10-30 09:57:36.197229"
"2074","3934","24016",1333,"https://data.nrel.gov/system/files/230/1707946461-gea_shapefiles.zip","6798",NULL,False,"2025-08-11 14:01:45.654704","2025-10-30 09:57:36.197229"
"2075","4103","25173",1334,"https://data.nrel.gov/system/files/237/1715810866-Permian_SES_Metadata_5.9.24.xlsx","6918",NULL,False,"2025-08-11 14:01:45.654704","2025-10-30 09:57:36.197229"
"2076","4642","27974",1335,"https://data.nrel.gov/system/files/248/1727758900-README.md","6734",NULL,False,"2025-08-11 14:01:45.654704","2025-10-30 09:57:36.197229"
"2077","4642","27982",1335,"https://data.nrel.gov/system/files/248/1727737586-2019_09_29.tar.gz","6798",NULL,False,"2025-08-11 14:01:45.654704","2025-10-30 09:57:36.197229"
"2078","4642","27980",1335,"https://data.nrel.gov/system/files/248/1727737586-2019_09_22.tar.gz","6790",NULL,False,"2025-08-11 14:01:45.654704","2025-10-30 09:57:36.197229"
"2079","4642","27979",1335,"https://data.nrel.gov/system/files/248/1727737586-2019_09_21.tar.gz","6790",NULL,False,"2025-08-11 14:01:45.654704","2025-10-30 09:57:36.197229"
"2080","4642","27978",1335,"https://data.nrel.gov/system/files/248/1727737056-2019_09_15.tar.gz","6798",NULL,False,"2025-08-11 14:01:45.654704","2025-10-30 09:57:36.197229"
"2081","4642","27977",1335,"https://data.nrel.gov/system/files/248/1727737056-2019_09_14.tar.gz","6790",NULL,False,"2025-08-11 14:01:45.654704","2025-10-30 09:57:36.197229"
"2082","4642","27976",1335,"https://data.nrel.gov/system/files/248/1727737056-2019_09_08.tar.gz","6790",NULL,False,"2025-08-11 14:01:45.654704","2025-10-30 09:57:36.197229"
"2083","4642","27975",1335,"https://data.nrel.gov/system/files/248/1727737056-2019_09_07.tar.gz","6790",NULL,False,"2025-08-11 14:01:45.654704","2025-10-30 09:57:36.197229"
"2084","4642","27981",1335,"https://data.nrel.gov/system/files/248/1727737586-2019_09_28.tar.gz","6798",NULL,False,"2025-08-11 14:01:45.654704","2025-10-30 09:57:36.197229"
"2085","3925","23907",1336,"https://data.nrel.gov/system/files/281/1737052062-dictionary_NREL_port_eCHE_load_profiles.xlsx","7014",NULL,False,"2025-08-11 14:01:45.654704","2025-10-30 09:57:36.197229"
"2086","3925","23906",1336,"https://data.nrel.gov/system/files/281/1735690950-port_eCHE_load_profiles_01-2025.csv","6942",NULL,False,"2025-08-11 14:01:45.654704","2025-10-30 09:57:36.197229"
"2087","3993","24329",1338,"https://www.nrel.gov/docs/fy13osti/57785.pdf","525464",NULL,False,"2025-08-11 14:01:45.654704","2025-10-30 09:57:36.197229"
"2088","3993","24328",1338,"https://data.openei.org/files/358/rsfmeasureddata2011.csv","470556",NULL,False,"2025-08-11 14:01:45.654704","2025-10-30 09:57:36.197229"
"2089","4706","28477",1339,"https://data.openei.org/files/399/puertoricovirginislandswindhighresolution.zip","117020",NULL,False,"2025-08-11 14:01:45.654704","2025-10-30 09:57:36.197229"
"2090","4051","24714",1340,"https://data.openei.org/files/500/multifamilyprogrammablethermostatdata.zip","31208709",NULL,False,"2025-08-11 14:01:45.654704","2025-10-30 09:57:36.197229"
"2091","4051","24715",1340,"https://cdn2.hubspot.net/hub/55819/file-12977701-pdf/docs/ba_field_eval_thermostats.pdf","2489258",NULL,False,"2025-08-11 14:01:45.654704","2025-10-30 09:57:36.197229"
"2092","4125","25279",1341,"https://www.nrel.gov/docs/fy21osti/77610.pdf","21749025",NULL,False,"2025-08-11 14:01:45.654704","2025-10-30 09:57:36.197229"
"2093","4125","25278",1341,"https://data.openei.org/files/5652/01Summary_Hydrogen_Demand_and_Resources%20%281%29.txt","1215",NULL,False,"2025-08-11 14:01:45.654704","2025-10-30 09:57:36.197229"
"2094","4125","25277",1341,"https://data.openei.org/files/5652/00Readme_Hydrogen_Demand_and_Resources%20%281%29.txt","5410",NULL,False,"2025-08-11 14:01:45.654704","2025-10-30 09:57:36.197229"
"2095","4125","25276",1341,"https://data.openei.org/files/5652/Hydrogen_Demand_and_Resources.geojson","12867663",NULL,False,"2025-08-11 14:01:45.654704","2025-10-30 09:57:36.197229"
"2096","4125","25275",1341,"https://data.openei.org/files/5652/Hydrogen_Demand_and_Resources.csv","685715",NULL,False,"2025-08-11 14:01:45.654704","2025-10-30 09:57:36.197229"
"2097","4043","24642",1342,"https://data.openei.org/files/5655/01Summary_Hydrogen_Economic_Potential_Supply_Demand.txt","1097",NULL,False,"2025-08-11 14:01:45.654704","2025-10-30 09:57:36.197229"
"2098","4043","24644",1342,"https://www.nrel.gov/docs/fy21osti/77610.pdf","21749025",NULL,False,"2025-08-11 14:01:45.654704","2025-10-30 09:57:36.197229"
"2099","4043","24643",1342,"https://data.openei.org/files/5655/Hydrogen_Economic_Potential_Supply_Demand.csv","304246",NULL,False,"2025-08-11 14:01:45.654704","2025-10-30 09:57:36.197229"
"2100","4043","24641",1342,"https://data.openei.org/files/5655/00Readme_Hydrogen_Economic_Potential_Supply_Demand.txt","3828",NULL,False,"2025-08-11 14:01:45.654704","2025-10-30 09:57:36.197229"
"2101","4043","24645",1342,"https://data.openei.org/files/5655/Hydrogen_Economic_Potential_Supply_Demand_DA5Zj.csv","352269",NULL,False,"2025-08-11 14:01:45.654704","2025-10-30 09:57:36.197229"
